0.01037686,0.51795949,0.07761676,0.09936602,0.1655893,0.7839597,0.21747876,0.06957163,0.22144997,0.72991159,0.22691966,0.063943,0.23221993,0.87118494,0.44703384,0.97041556,0.463846,0.19231311,0.63447301,0.63776368,0.71620976,0.55360819,0.72444928,0.42349615,0.77392676,0.17738267,0.89617047,0.09728139,0.94870141,0.40657261,output,1,2,4,1,3,5,1,5,9,3,5,7,2,4,6,4,6,9,1,4,9,5,7,8,5,8,10,5,9,10,6,9,14,9,10,12,8,10,15,9,12,13,10,11,12,10,11,15,9,13,14,11,12,15,12,13,15,13,14,15,
0.02312628,0.35443479,0.04142272,0.07462873,0.15164815,0.14672739,0.18947129,0.45839923,0.29368989,0.17922705,0.29921349,0.07174991,0.42375127,0.35102876,0.48518012,0.57668384,0.48555468,0.80447685,0.50906224,0.77810095,0.61480716,0.03007019,0.6626477,0.06117755,0.75272036,0.60403439,0.76550571,0.09430311,0.82651477,0.67283986,output,1,2,3,1,3,4,2,3,6,1,4,9,3,4,5,3,5,6,2,6,11,4,5,7,5,6,11,4,7,8,5,7,11,4,8,9,8,9,10,9,10,15,7,8,13,8,10,13,7,11,12,7,13,14,11,12,14,7,12,14,10
0.0013852,0.15561453,0.11627152,0.43126302,0.12310329,0.23918123,0.14197854,0.95477102,0.1767963,0.57376274,0.36699054,0.79368542,0.47582578,0.56233038,0.49750992,0.8975885,0.59599438,0.68290003,0.65231049,0.39909435,0.66550183,0.76231617,0.7310788,0.6939141,0.78795289,0.55780233,0.95115546,0.9761408,0.96037643,0.05283677,output,1,2,4,1,2,3,1,3,15,2,4,5,2,3,7,2,5,7,4,5,6,5,6,7,4,6,8,3,7,10,6,8,9,6,7,9,4,8,14,7,9,10,8,9,11,3,10,15,9,11,12,8,11,14,9,10,13,9,12,13,11
0.2150427,0.12707968,0.33749606,0.70023107,0.52759632,0.14684184,0.62658111,0.01970167,0.63729913,0.26723189,0.63951888,0.69274741,0.73552532,0.30516873,0.74717255,0.87528497,0.76238948,0.51311801,0.78371288,0.32711206,0.84050053,0.48685876,0.8441942,0.19189119,0.91269765,0.1923609,0.92723146,0.0213606,0.97421035,0.2679186,output,1,2,3,1,3,4,2,5,6,2,3,5,3,4,5,2,6,8,5,6,9,6,8,9,4,5,12,5,7,9,5,7,12,7,9,10,7,10,12,8,9,11,9,10,11,4,12,14,10,11,15,8,11,15,10,12,15,12,13,14,12
0.04068984,0.87380722,0.11388134,0.47037419,0.32823854,0.00387083,0.36362939,0.31727362,0.37715195,0.06052859,0.41427735,0.10834331,0.49423194,0.25087482,0.52138842,0.15967961,0.57756062,0.38636541,0.59752168,0.63204914,0.79791634,0.41288944,0.81695957,0.85533747,0.86506789,0.568521,0.97397608,0.78861756,0.99482655,0.23789139,output,1,2,10,2,3,4,2,4,10,3,4,5,3,5,8,4,5,6,5,6,8,4,6,7,4,7,9,6,7,8,7,8,9,4,9,10,3,8,15,1,10,12,8,9,11,9,10,11,10,12,13,10,11,13,8,11,15,11,13,15,12
0.00974449,0.70264954,0.05006663,0.81341823,0.14421205,0.83526225,0.15333192,0.04143499,0.33551431,0.11461248,0.37400618,0.19968042,0.39363166,0.03087034,0.4880402,0.88874627,0.495123,0.02118771,0.7682411,0.21413881,0.77584395,0.36387454,0.80426249,0.12328805,0.86374208,0.31939959,0.97116498,0.78747265,0.99370832,0.27412143,output,1,2,3,1,3,6,1,4,6,4,5,6,4,5,7,3,6,8,5,6,7,4,7,9,6,7,9,6,9,10,6,8,11,6,10,11,9,10,12,8,11,14,10,12,13,10,11,13,11,13,14,12,13,15,13,14,15,,,,
0.15988704,0.62791332,0.22531168,0.3306957,0.23425103,0.20168938,0.28652728,0.46537755,0.30514683,0.01391194,0.37809071,0.1431057,0.49227512,0.71381809,0.56151966,0.57847198,0.621602,0.35606335,0.63435319,0.05916102,0.69822619,0.01936278,0.79020934,0.190122,0.80234034,0.13956277,0.86568075,0.28820155,0.88994257,0.17851757,output,1,2,3,1,2,4,2,3,6,2,4,6,1,4,7,3,5,6,5,6,10,4,6,9,4,7,8,4,8,9,6,9,10,7,8,14,5,10,11,8,9,14,10,11,13,9,10,12,10,12,13,9,12,14,11,13,15,12,13,15,12
0.07759457,0.53091276,0.15592284,0.91959104,0.16486048,0.89828604,0.19858452,0.4743518,0.30247125,0.27986745,0.3253557,0.03667823,0.37843237,0.5664156,0.56285422,0.30228153,0.76019364,0.3352194,0.81168603,0.32242942,0.83324873,0.70555743,0.83649905,0.74398706,0.89368364,0.14768303,0.90005132,0.32920963,0.9612395,0.37820686,output,1,2,3,2,3,12,1,4,5,1,4,7,1,3,7,1,5,6,4,5,7,5,6,8,5,7,8,3,7,12,6,8,13,7,8,9,7,9,11,8,9,13,9,10,13,9,10,15,7,11,12,11,12,15,9,11,15,10,13,14,10
0.03572201,0.06661774,0.048838,0.6102889,0.17376649,0.92501312,0.20654658,0.05688446,0.20939381,0.84643603,0.41337132,0.33641913,0.42871118,0.58605372,0.52994156,0.26062988,0.6049627,0.49441262,0.68980092,0.23649969,0.73833161,0.88757076,0.75142925,0.06493441,0.83822733,0.14091099,0.87538708,0.44186639,0.97059873,0.89391727,output,2,3,5,1,2,6,1,4,6,2,5,7,3,5,11,2,6,7,4,6,8,5,7,11,6,7,9,6,8,9,4,8,12,7,9,11,8,9,10,8,10,12,9,10,14,9,11,14,3,11,15,10,12,13,10,13,14,11,14,15,13
0.05919789,0.17818863,0.10028161,0.50285368,0.13441855,0.79208395,0.19086819,0.96667488,0.26222752,0.11683615,0.37160947,0.62714097,0.43522517,0.33910227,0.49151258,0.91675068,0.52380177,0.16223464,0.69302027,0.12181959,0.73734752,0.2900396,0.77520608,0.85114232,0.79377458,0.35562462,0.90957304,0.26631235,0.99884735,0.95646044,output,1,2,3,1,2,5,2,3,6,3,4,8,2,5,7,2,6,7,3,6,8,5,7,9,4,8,15,6,7,13,5,9,10,6,8,12,7,9,11,6,12,13,9,10,11,7,11,13,8,12,15,10,11,14,11,13,14,12,13,15,13
0.08047988,0.02243645,0.15196136,0.83450313,0.22181517,0.67262498,0.23890594,0.23575947,0.24189527,0.99820098,0.3411131,0.030711,0.36245002,0.8934522,0.37064581,0.81559265,0.39082998,0.97955179,0.5047112,0.52087757,0.52105211,0.63873129,0.64742193,0.19713798,0.80411105,0.22964667,0.82102481,0.60456846,0.97766733,0.14695448,output,1,2,3,1,3,4,1,4,6,2,3,8,2,5,7,2,7,8,3,4,10,5,7,9,3,8,11,7,8,9,4,6,12,8,9,11,3,10,11,4,10,12,10,11,14,9,11,14,6,12,15,10,12,13,10,13,14,12,13,15,13
0.04297168,0.92505021,0.1212545,0.18178343,0.23130171,0.52237215,0.23596142,0.05145701,0.25762395,0.96377119,0.34518288,0.5427093,0.66509351,0.3814093,0.67615984,0.46686443,0.70565097,0.82910274,0.74044916,0.30101473,0.83668043,0.64465823,0.83746567,0.09008421,0.94342253,0.72245951,0.97722885,0.68810784,0.98841059,0.72117356,output,1,2,3,1,3,5,2,4,6,2,3,6,3,5,6,5,6,9,4,6,7,6,8,9,6,7,8,4,7,10,7,8,10,4,10,12,8,10,11,8,9,11,10,12,14,9,11,13,10,11,14,11,13,14,9,13,15,13,14,15,12
0.0071044,0.7455014,0.0419199,0.82466065,0.14557821,0.37179011,0.25839636,0.0876595,0.56627804,0.25697141,0.59119896,0.93710638,0.62711617,0.28891238,0.71937509,0.49438914,0.73454384,0.83321195,0.75619576,0.10652717,0.86757127,0.66761719,0.91002073,0.27392059,0.92829659,0.18130517,0.98843817,0.1843557,0.99015814,0.69179766,output,1,2,3,2,3,6,3,4,5,3,5,8,3,6,8,4,5,10,5,7,8,5,7,10,6,8,9,6,9,15,7,8,12,7,10,12,8,9,11,8,11,12,9,11,15,10,12,13,11,12,15,10,13,14,12,13,14,12,14,15,
0.07326,0.08785699,0.15837874,0.50923504,0.18325583,0.75280897,0.2734212,0.03922,0.3048027,0.90235267,0.30792379,0.24972115,0.33891275,0.80763233,0.51265823,0.93521352,0.5631063,0.97546532,0.61784921,0.46599305,0.6298126,0.93145659,0.67272656,0.71404583,0.76684046,0.96627478,0.79419492,0.01160758,0.95824552,0.74737288,output,1,2,3,1,2,6,1,4,6,2,3,7,3,5,7,2,6,10,2,7,10,5,7,8,4,6,14,7,8,12,5,8,9,6,10,14,8,9,11,7,10,12,8,11,12,9,11,13,11,12,13,10,12,15,10,14,15,12,13,15,
0.05487633,0.55300854,0.08172134,0.31799926,0.13348247,0.21310785,0.1424605,0.23819422,0.19670844,0.68286626,0.22348661,0.48276524,0.22551348,0.92408536,0.2649909,0.63833705,0.34099672,0.14189936,0.53565055,0.89991854,0.58600347,0.71796744,0.59914277,0.91708933,0.63022789,0.46618085,0.69002168,0.79577722,0.75920115,0.52416993,output,1,2,6,2,4,6,2,3,4,3,4,9,1,5,6,1,5,7,4,6,9,5,7,8,5,6,8,6,8,13,7,8,10,6,9,13,8,10,11,8,11,13,7,10,12,10,11,12,11,12,14,9,13,15,11,14,15,11,13,15,
0.04606118,0.6305738,0.06011082,0.88207616,0.13241182,0.52145876,0.26293067,0.35784885,0.28394522,0.4624679,0.29774611,0.33725316,0.30936282,0.46837105,0.31567774,0.77488763,0.32064721,0.34099454,0.38908288,0.06265856,0.42525095,0.64203612,0.60480535,0.39625443,0.78610411,0.03240105,0.80826695,0.52023892,0.8671105,0.91028464,output,1,3,10,1,3,8,1,2,8,3,5,8,3,4,5,3,4,10,4,6,10,4,5,9,5,7,8,4,6,9,5,7,9,6,9,10,2,8,15,7,8,11,7,9,12,9,10,12,7,11,12,8,11,15,10,12,13,11,12,14,11
0.06896733,0.22463946,0.07894304,0.50262032,0.10596067,0.57106857,0.2194399,0.30553911,0.26970871,0.07071172,0.39446664,0.86520304,0.41902642,0.9530853,0.51293302,0.5198099,0.61587141,0.95632292,0.65799196,0.81820851,0.69553822,0.28273756,0.78926334,0.97925835,0.88398908,0.53320934,0.93398363,0.0699445,0.95395513,0.30663632,output,2,3,4,1,2,4,1,4,5,3,4,8,4,5,11,3,6,8,3,6,7,6,7,9,4,8,11,6,8,10,6,9,10,7,9,12,9,10,12,8,10,13,5,11,14,8,11,13,10,12,13,11,13,15,11,14,15,12,13,15,
0.08266385,0.44693096,0.1575527,0.66604861,0.21004774,0.44455206,0.26893722,0.70551734,0.32382028,0.84502269,0.35656191,0.03430257,0.39895972,0.52391616,0.41865399,0.74477854,0.51094584,0.71249475,0.53948536,0.33007964,0.56368774,0.44799079,0.70139074,0.67899603,0.83208508,0.72724744,0.92832982,0.28509592,0.95719036,0.65680319,output,1,2,3,1,3,6,2,3,4,2,4,5,3,4,7,4,5,8,4,7,8,3,7,10,3,6,10,5,8,9,7,8,9,7,9,11,7,10,11,5,9,13,6,10,14,9,11,12,10,11,14,9,12,13,11,12,14,12,13,15,12
0.04672793,0.21627863,0.06312056,0.48110757,0.17553473,0.79199146,0.23122666,0.34467761,0.376068,0.42311515,0.65565499,0.10519797,0.74204161,0.24209246,0.75532954,0.4098313,0.75643492,0.60269173,0.7892763,0.99979884,0.7896031,0.14705171,0.85381245,0.01467125,0.89423083,0.06510146,0.92414429,0.39631581,0.97472548,0.88935838,output,1,2,4,2,3,5,1,4,6,2,4,5,4,5,6,3,5,9,3,9,10,5,6,7,1,6,12,5,8,9,5,7,8,6,7,11,6,11,12,7,11,14,7,8,14,8,9,14,11,13,14,9,10,15,11,12,13,9,14,15,13
0.07999486,0.4060387,0.09913228,0.33587427,0.13014819,0.43142698,0.22377582,0.40648549,0.31953559,0.58325593,0.48190207,0.34305276,0.57989901,0.54142765,0.68782938,0.00055612,0.7140496,0.076603,0.75831168,0.54039446,0.80117704,0.98282694,0.81838731,0.82803829,0.89572367,0.40167008,0.96254617,0.99173836,0.97558616,0.98679496,output,1,2,3,1,3,5,2,3,4,3,4,5,2,4,6,1,5,11,4,5,6,2,6,8,5,6,7,5,7,12,6,7,10,6,8,9,6,9,13,7,10,12,8,9,13,6,10,13,5,11,12,10,12,13,11,12,14,12,13,15,12
0.03335844,0.95933255,0.09888086,0.8228524,0.23638021,0.89450771,0.28885898,0.75591096,0.30387069,0.53284331,0.35588538,0.48086128,0.38790677,0.67182571,0.55904973,0.10612521,0.60135869,0.48122986,0.68615521,0.56771608,0.69071903,0.2129255,0.80570217,0.35526746,0.81083389,0.62016794,0.86181093,0.46173095,0.9415338,0.1385214,output,1,2,3,2,3,4,2,4,5,2,5,8,3,4,7,4,5,7,5,6,7,5,6,8,3,7,13,6,7,9,6,8,9,7,9,10,8,9,11,9,10,12,7,10,13,8,11,15,9,11,12,10,13,14,11,12,15,10,12,14,12
0.0101198,0.3952709,0.05798701,0.63887424,0.05852411,0.43749774,0.06338714,0.5746899,0.23334148,0.9306317,0.31616757,0.31093014,0.45071598,0.47330033,0.53778823,0.46672312,0.56926729,0.62617593,0.5766049,0.17987344,0.65453781,0.890305,0.71282882,0.99020924,0.78185765,0.79250403,0.78302373,0.39587515,0.93662992,0.60675788,output,1,3,4,1,2,4,1,3,6,2,4,7,3,4,6,2,5,7,1,6,10,4,6,7,6,7,10,5,7,9,7,8,10,7,8,9,5,9,11,8,9,14,5,11,12,8,10,14,9,11,13,11,12,13,9,13,15,9,14,15,12
0.17755272,0.73149856,0.27397751,0.48143441,0.36060347,0.31376971,0.40779761,0.9599415,0.41892476,0.45216491,0.44494123,0.63658499,0.53147494,0.37536691,0.56049846,0.15521038,0.6913667,0.11707848,0.71127221,0.65766558,0.73724524,0.69458797,0.86865182,0.79343091,0.93560127,0.96663445,0.97189,0.0535896,0.97769866,0.77291602,output,1,2,6,1,4,6,2,3,5,2,5,6,3,5,7,5,6,7,3,7,8,4,6,11,6,7,10,7,8,9,7,9,10,6,10,11,4,11,12,10,11,15,9,10,14,4,12,13,10,14,15,11,12,15,12,13,15,,,,
0.0466391,0.32018576,0.07837674,0.50472532,0.13851448,0.45949761,0.16350851,0.4453482,0.3157593,0.87175976,0.39270354,0.60489155,0.47718173,0.52341511,0.56955229,0.16764441,0.60598882,0.25564817,0.61233197,0.19657245,0.62202246,0.18814812,0.72559157,0.10322345,0.80261252,0.01851433,0.92161553,0.94412099,0.95797515,0.8190546,output,1,2,3,2,3,6,1,3,4,3,4,6,1,4,8,2,5,6,4,6,7,4,7,9,5,6,14,6,7,15,4,8,9,1,8,13,8,9,10,8,10,11,9,10,11,7,9,15,8,11,12,9,11,12,9,12,15,8,12,13,12
0.09908149,0.57524876,0.12665855,0.15319635,0.13571367,0.17301938,0.282899,0.53526761,0.29557147,0.21982478,0.40465357,0.16536458,0.45114295,0.8687383,0.45322775,0.47522255,0.48035981,0.83841416,0.52355069,0.91535984,0.52741463,0.09180334,0.65540709,0.08175475,0.74567151,0.17720947,0.78784938,0.54218124,0.97177171,0.03236608,output,1,2,3,2,3,5,1,3,4,3,4,5,1,4,7,2,5,6,4,5,8,5,6,8,4,8,9,2,6,11,4,7,9,6,8,11,7,9,10,9,10,14,8,9,14,8,11,13,11,12,13,11,12,15,8,13,14,12,13,15,13
0.08961405,0.49891386,0.1595225,0.79118047,0.23423036,0.79755658,0.28774015,0.22715884,0.44994206,0.05750235,0.46512222,0.68737487,0.5101903,0.61710735,0.56752969,0.91294794,0.61750512,0.05028152,0.65926887,0.24100944,0.67243489,0.24807815,0.69143971,0.3613463,0.78219509,0.12978441,0.80678415,0.32662978,0.98487941,0.70635939,output,1,2,3,2,3,8,1,3,6,1,4,7,3,6,8,1,6,7,4,5,10,6,7,8,4,7,12,5,9,10,4,10,12,7,8,15,10,11,12,10,11,13,9,10,13,7,12,15,11,12,14,11,13,14,12,14,15,13,14,15,
0.0163938,0.07257967,0.04955586,0.42863216,0.13805006,0.4168674,0.31901886,0.80861322,0.32612219,0.46148705,0.39855395,0.49846673,0.4119956,0.79970674,0.46672931,0.82207741,0.52693144,0.70195167,0.57921943,0.713651,0.64432331,0.61638124,0.68534182,0.55166103,0.73241015,0.48795874,0.83915594,0.73712792,0.85186376,0.94770202,output,1,2,3,2,3,4,1,3,5,3,4,5,4,5,6,1,5,13,4,6,7,5,6,13,4,7,8,7,8,9,6,7,9,4,8,15,8,9,10,6,9,11,9,10,11,8,10,15,6,11,12,10,11,14,6,12,13,11,12,14,12
0.07785858,0.53089603,0.20634835,0.38151153,0.27088009,0.90111357,0.49970085,0.7541795,0.53749433,0.86473874,0.53975356,0.26572752,0.5743564,0.27217246,0.61335182,0.6464221,0.61414587,0.97597874,0.72576451,0.41485539,0.82864867,0.59873451,0.83241027,0.30729856,0.89762845,0.0179347,0.92352385,0.51158132,0.96275097,0.01467756,output,1,2,4,1,3,4,2,6,8,3,4,5,2,4,8,3,5,9,2,6,13,4,5,8,6,7,8,6,7,13,5,8,9,7,8,10,8,9,11,7,10,12,8,10,11,7,12,13,10,12,14,10,11,14,9,11,14,12,14,15,12
0.02371901,0.41961597,0.02592171,0.68135254,0.05818421,0.60428184,0.10962012,0.57866811,0.18911716,0.83470682,0.29483833,0.42678841,0.35780998,0.13400931,0.44592274,0.76710489,0.48224271,0.18199683,0.51909594,0.48450656,0.6339548,0.58001481,0.72799815,0.43024695,0.76993709,0.33574512,0.86873702,0.70943696,0.99003886,0.45044752,output,1,2,3,2,3,4,1,3,4,2,4,5,1,4,6,1,6,7,4,5,8,4,6,8,6,7,9,6,8,10,6,9,10,5,8,14,8,10,11,9,10,12,10,11,12,8,11,14,9,12,13,11,12,14,9,13,15,12,13,15,12
0.07662063,0.88430925,0.0989157,0.52261901,0.15419042,0.38531084,0.19376574,0.80279151,0.19791448,0.21796661,0.23290902,0.17047983,0.33380101,0.58937023,0.48606902,0.47222971,0.52741605,0.07120082,0.55241245,0.16833114,0.63715542,0.45971853,0.67071491,0.87045795,0.68460887,0.76621385,0.75974637,0.26931497,0.88037971,0.4387037,output,1,2,4,2,3,5,2,3,7,1,4,12,2,4,7,5,6,8,3,5,8,3,7,8,4,7,12,6,8,10,7,8,13,6,9,10,8,10,11,9,10,14,8,11,13,7,12,13,10,11,14,12,13,15,11,13,15,11,14,15,
0.02540249,0.004337,0.04655744,0.3655133,0.12546902,0.13641503,0.12612844,0.39776096,0.16274586,0.36358483,0.16640647,0.95195713,0.27087593,0.85404994,0.49489903,0.73815612,0.57506783,0.46985973,0.67247664,0.49407094,0.85066937,0.51718009,0.87136339,0.05002824,0.91596409,0.59049891,0.94539537,0.65804671,0.96384414,0.68864276,output,1,2,3,2,4,6,2,3,5,2,4,5,1,3,12,4,5,8,4,6,7,3,5,9,6,7,8,4,7,8,5,8,9,6,8,15,3,9,12,8,9,10,9,10,12,8,10,14,10,11,12,10,11,13,11,12,13,10,13,14,12
0.13424188,0.58528186,0.17599213,0.11094369,0.20948092,0.88588154,0.24622955,0.86145897,0.28990653,0.10596378,0.45605543,0.74651872,0.49686868,0.14153253,0.55921129,0.91088293,0.61598684,0.12024695,0.74803918,0.75292504,0.78587441,0.20081964,0.84700837,0.00707306,0.89450635,0.4021193,0.98694906,0.81211178,0.99038027,0.53378866,output,1,2,5,1,3,4,3,4,8,1,4,6,2,5,12,1,6,7,1,5,7,4,6,8,5,7,9,6,8,10,5,9,12,7,9,11,6,7,13,6,10,13,9,11,12,7,11,13,8,10,14,11,12,13,10,13,15,10,14,15,12
0.0027912,0.02273488,0.00493861,0.07621013,0.02659812,0.05389268,0.25185437,0.38815297,0.35191447,0.45209139,0.40348834,0.84483765,0.60127486,0.11276979,0.63807348,0.75964776,0.64080947,0.78137299,0.74771772,0.43093604,0.76304888,0.34245322,0.7714968,0.69953162,0.79347654,0.93612304,0.82353031,0.65505443,0.95644446,0.03211837,output,1,2,3,2,3,4,1,3,7,2,4,6,3,4,7,4,5,6,4,5,7,5,6,8,5,8,10,5,7,11,1,7,15,6,9,13,6,8,9,8,9,12,5,10,11,8,10,12,9,12,13,7,11,15,10,11,14,10,12,14,12
0.21582584,0.50317841,0.27696373,0.64416586,0.31647076,0.79719453,0.3675661,0.36748468,0.483089,0.94964526,0.49963256,0.41089052,0.52020347,0.62737409,0.52588653,0.65186697,0.56450022,0.39997628,0.59927233,0.00790069,0.76556604,0.60649946,0.79375044,0.76654531,0.8213338,0.81639121,0.92089124,0.25519734,0.93639684,0.52647175,output,1,2,4,1,2,3,2,3,8,1,4,10,2,4,6,3,5,8,2,6,7,4,9,10,4,6,9,2,7,8,6,7,9,7,8,11,5,8,12,7,9,11,9,10,14,8,11,12,9,11,14,5,12,13,11,12,15,12,13,15,11
0.18654251,0.35205341,0.1995115,0.38192435,0.27177716,0.81727595,0.33300856,0.99831253,0.37638563,0.29997433,0.41622452,0.31692219,0.48286808,0.76492685,0.53380815,0.41906,0.62464008,0.69335203,0.66505764,0.92667543,0.66827234,0.03313796,0.73113921,0.72265053,0.74401185,0.08133137,0.77741278,0.91150545,0.80492441,0.9924203,output,1,2,3,1,2,5,2,3,7,3,4,7,1,5,11,2,5,6,2,6,8,5,6,11,2,7,8,4,7,10,6,8,11,7,8,9,7,9,10,8,12,13,8,9,12,4,10,15,9,10,12,8,11,13,10,12,14,12,13,15,10
0.04468075,0.5905558,0.08760776,0.56068197,0.14569905,0.25942791,0.14976967,0.23019347,0.16458414,0.06681869,0.21546896,0.98922665,0.22377128,0.08084082,0.2349789,0.39247171,0.33793634,0.21447496,0.34578116,0.50528979,0.36587271,0.75705214,0.48005146,0.09366416,0.68476043,0.56611063,0.818952,0.53828803,0.96572307,0.68453272,output,1,2,3,1,2,11,1,4,5,1,3,4,3,4,9,2,3,8,4,5,7,5,7,12,3,8,9,1,6,11,4,7,9,2,8,10,2,10,11,8,9,10,7,9,12,6,11,15,9,10,13,10,11,13,9,12,13,11,13,15,12
0.02601958,0.63373809,0.0547156,0.57575346,0.30834847,0.30267931,0.40931043,0.19793905,0.44808943,0.14989017,0.54959839,0.73647958,0.59955419,0.47002216,0.62065395,0.85457698,0.67886275,0.68147886,0.76874947,0.90519592,0.77752442,0.63509945,0.83713987,0.70757444,0.88379427,0.12659637,0.94076294,0.35154429,0.99007782,0.91434228,output,1,2,6,2,3,6,2,3,5,3,4,7,3,4,5,4,5,7,3,6,7,1,6,8,6,8,9,6,7,9,5,7,13,8,9,10,7,9,11,7,11,14,9,10,12,9,11,12,11,12,14,7,13,14,10,12,15,12,14,15,
0.05228718,0.28520377,0.1459168,0.14345247,0.27093881,0.78343537,0.29085405,0.05785238,0.29955753,0.80238922,0.41617114,0.81888058,0.45456301,0.69018462,0.59753003,0.5318798,0.60332531,0.93040092,0.6089611,0.5993518,0.68775348,0.73769913,0.72207495,0.9594853,0.77349529,0.68325602,0.84481852,0.45568984,0.97668754,0.07258637,output,1,2,8,2,4,8,3,5,7,1,3,7,5,6,7,5,6,9,1,7,8,6,7,11,6,9,11,7,8,10,7,10,11,8,10,14,4,8,14,9,11,12,10,11,13,11,12,13,10,13,14,4,14,15,12,13,14,12,14,15,
0.14140576,0.71645618,0.21779172,0.40602106,0.22945303,0.32868133,0.25294104,0.83672158,0.30090201,0.68029578,0.44608577,0.09993573,0.48551434,0.86493311,0.64893803,0.93902956,0.70801668,0.08748493,0.73305544,0.17685202,0.74940848,0.750211,0.92224362,0.78228436,0.93811193,0.60676002,0.94470548,0.06481487,0.95873429,0.33177774,output,1,2,3,1,2,5,1,4,5,2,3,10,4,5,7,2,5,10,3,6,10,4,7,8,5,7,11,5,10,11,7,8,11,6,9,10,6,9,14,9,10,14,8,11,12,10,11,13,11,12,13,10,14,15,10,13,15,,,,
0.03331999,0.30410529,0.07180658,0.82216308,0.10273175,0.57260385,0.14621377,0.24341618,0.35646919,0.79965501,0.49242558,0.71355141,0.50443543,0.64256502,0.56374886,0.72328061,0.61043319,0.18286337,0.61937761,0.97131391,0.67598249,0.89952282,0.79967368,0.98377254,0.872394,0.14804194,0.92026761,0.8996832,0.9888199,0.27193593,output,1,2,3,1,3,4,2,3,5,3,4,7,2,5,10,3,5,7,4,7,9,5,6,10,5,6,7,6,7,8,6,8,10,7,8,15,4,9,13,8,10,11,10,11,12,8,11,14,7,9,15,11,12,14,8,14,15,9,13,15,
0.02617079,0.38869433,0.16687133,0.92017946,0.24950481,0.20647421,0.25891966,0.83634754,0.28387421,0.74264515,0.35128708,0.06159122,0.38602184,0.3299912,0.41679351,0.43981768,0.44397624,0.58189546,0.47713544,0.03911122,0.50675888,0.81757551,0.59551566,0.32599517,0.62609751,0.71777356,0.7642924,0.77880196,0.79873323,0.6429332,output,1,2,5,1,3,6,2,4,5,1,3,7,1,5,8,2,4,11,4,5,11,3,6,7,1,7,8,5,8,9,6,7,10,5,9,11,7,8,12,8,9,12,7,10,12,2,11,14,9,11,13,9,12,13,10,12,15,11,13,14,12
0.08092375,0.93691588,0.19716236,0.93322386,0.27780814,0.66369558,0.28142719,0.85255538,0.43636821,0.48970845,0.45265441,0.22054462,0.54386175,0.56527864,0.61886366,0.83588119,0.67896304,0.35939161,0.68384102,0.52863126,0.73647013,0.28860684,0.84348066,0.67311614,0.9160365,0.23495498,0.92829957,0.5089179,0.93180654,0.1276935,output,1,2,4,1,3,4,1,3,6,2,4,8,3,4,8,3,5,6,3,5,7,3,7,8,5,6,9,5,7,9,7,8,10,7,9,10,6,9,11,6,11,15,8,10,12,9,11,14,9,10,14,10,12,14,11,13,14,11,13,15,13
0.01967336,0.66027176,0.08824848,0.2775166,0.21942022,0.64812326,0.40994643,0.93107034,0.42136544,0.93640071,0.49572807,0.71329748,0.56612863,0.26427318,0.65705004,0.94052666,0.68168604,0.18034518,0.68227688,0.10579102,0.71467454,0.48218974,0.71854705,0.91789836,0.73381241,0.34066261,0.92976818,0.68690383,0.95710403,0.49625377,output,1,2,3,1,3,4,2,3,7,3,4,6,3,6,7,4,5,6,5,6,8,2,7,10,6,7,11,7,9,13,7,9,10,6,8,12,7,11,13,9,10,15,6,12,14,6,11,14,9,13,15,11,13,15,11,14,15,,,,
0.0377121,0.73972058,0.07552741,0.02677697,0.13481477,0.52960734,0.24277938,0.91617005,0.31463713,0.94949787,0.37557294,0.39783116,0.40123508,0.25101973,0.41665489,0.16119778,0.42526796,0.5416313,0.4433441,0.97442994,0.45737097,0.28937518,0.54317916,0.92260234,0.66244523,0.20394311,0.69037217,0.15426457,0.91291849,0.46166343,output,1,2,3,1,3,4,2,3,7,3,4,9,4,5,9,3,6,7,3,6,9,2,7,8,6,9,11,6,7,11,2,8,14,7,8,11,5,9,12,5,10,12,8,11,13,9,11,13,9,12,15,8,13,14,9,13,15,13,14,15,
0.00038901,0.53236212,0.05166986,0.13488913,0.11023058,0.41857193,0.13397281,0.98161808,0.28043743,0.44105153,0.33904364,0.22421311,0.38962448,0.19719533,0.42881701,0.92564819,0.55662167,0.3850779,0.599801,0.6406931,0.66504654,0.1038615,0.66940176,0.42267296,0.71393535,0.06435699,0.81473804,0.84637804,0.96315536,0.34299401,output,1,2,3,1,3,5,1,4,5,2,3,6,3,5,6,4,5,8,2,6,7,5,6,9,6,7,9,2,7,13,5,8,10,5,9,10,7,9,11,9,10,12,8,10,14,9,11,12,7,11,13,10,12,14,11,13,15,11,12,15,12
0.14506998,0.52095266,0.16013558,0.77406736,0.33463675,0.89845742,0.39452832,0.12150475,0.41640975,0.84589938,0.56393001,0.29748101,0.6011138,0.65050768,0.60939287,0.92332386,0.67412316,0.81381973,0.68441568,0.43792815,0.71334268,0.24017552,0.81953024,0.75097651,0.82129232,0.6047024,0.8867648,0.26127106,0.97909333,0.5959834,output,1,2,5,2,3,5,1,4,6,3,5,8,1,5,7,1,6,7,4,6,11,5,7,9,5,8,9,6,7,10,6,10,11,8,9,12,7,9,12,7,10,13,4,11,14,10,11,14,7,12,13,10,13,14,12,13,15,13,14,15,
0.05394959,0.154244,0.08134924,0.8070622,0.11547104,0.50882472,0.29257944,0.11498389,0.38061601,0.15559477,0.41556629,0.37706849,0.46694767,0.6826653,0.58520805,0.18974683,0.68386651,0.12904218,0.69356057,0.79600505,0.77800425,0.16066786,0.78335918,0.93659831,0.84951588,0.29173576,0.86631965,0.9316763,0.88142228,0.43468075,output,1,2,3,1,3,4,2,3,7,3,4,6,3,6,7,4,5,6,4,5,9,2,7,12,5,6,8,6,7,15,5,8,9,6,8,15,7,10,15,7,10,12,8,9,11,8,11,13,10,14,15,10,12,14,8,13,15,,,,
0.05730704,0.7062468,0.06552406,0.30968966,0.12082741,0.83194009,0.19000455,0.15102053,0.19783041,0.73001143,0.20448036,0.39076915,0.22438912,0.40551912,0.39664438,0.49565202,0.48159353,0.77282487,0.50230957,0.97241932,0.64245351,0.39829191,0.64342744,0.61882372,0.82971652,0.60402622,0.83714354,0.56213714,0.96508413,0.61075071,output,1,2,6,1,3,5,2,4,6,1,5,7,3,5,10,1,6,7,4,6,7,4,7,8,5,7,8,5,8,9,5,9,10,4,8,11,8,9,12,9,10,12,8,11,12,10,12,13,11,12,14,12,13,14,11,14,15,10,13,15,13
0.0145631,0.74276432,0.05350998,0.56247776,0.22029876,0.87167532,0.2547823,0.37600326,0.32078223,0.26272673,0.49340391,0.68355674,0.51328242,0.17535291,0.60080338,0.3619689,0.6186476,0.35968698,0.6527893,0.38471315,0.66595393,0.96814184,0.68046236,0.579744,0.68820921,0.28377669,0.90400366,0.54756767,0.95741238,0.81789772,output,1,2,3,2,4,6,2,4,5,2,3,6,4,5,8,4,6,8,3,6,11,5,7,8,6,11,12,6,8,12,7,8,13,8,9,13,8,9,10,8,10,12,9,10,13,10,13,14,10,12,14,11,12,15,12,14,15,,,,
0.14486386,0.59018379,0.1885244,0.64592258,0.20345457,0.90523816,0.22070389,0.92785232,0.24459481,0.11383019,0.2657313,0.63350004,0.315411,0.16750674,0.54623942,0.56370215,0.55747333,0.91132858,0.58306766,0.96513802,0.74129209,0.82242109,0.8514559,0.87103104,0.88374103,0.9671608,0.90591318,0.44410192,0.92986223,0.71390887,output,1,2,3,1,2,6,3,4,6,1,6,7,2,3,6,1,5,7,5,7,14,4,6,9,6,7,8,6,8,9,4,9,10,9,10,11,7,8,14,8,9,11,10,11,13,8,11,15,8,14,15,11,12,15,11,12,13,12,13,15,
0.18195663,0.71887644,0.24132527,0.41888325,0.29524609,0.10170773,0.36428025,0.68320089,0.47914618,0.16734887,0.48530626,0.75121711,0.4888724,0.72459452,0.70197775,0.39469889,0.72822019,0.35775718,0.75809908,0.29489704,0.82512286,0.87012256,0.84779174,0.09181907,0.86070773,0.17322989,0.89504302,0.92536046,0.95351375,0.77996321,output,1,2,3,1,2,4,2,3,5,1,4,6,2,4,8,4,7,8,4,6,7,1,6,14,2,5,8,3,5,12,6,7,11,7,8,11,5,8,9,5,9,10,5,10,12,8,9,15,9,10,15,6,11,14,10,13,15,10,12,13,8
0.07148384,0.87648473,0.10284085,0.83938243,0.15378233,0.76540106,0.20023778,0.47908315,0.21768817,0.078167,0.22936367,0.18777064,0.30469363,0.15355084,0.30940304,0.66312098,0.33660234,0.29084852,0.37910569,0.94717597,0.41920013,0.47511916,0.65080502,0.1773967,0.76135105,0.98368554,0.89617012,0.37887834,0.89682375,0.72090846,output,1,2,4,1,2,10,2,3,4,2,3,10,1,4,5,4,5,6,3,4,8,5,6,7,3,8,10,4,6,9,6,7,9,4,8,11,5,7,12,4,9,11,7,9,12,9,11,12,8,10,13,8,11,15,11,12,14,8,13,15,11
0.02244647,0.98948866,0.04088839,0.06248381,0.09158411,0.62200904,0.26873784,0.21905917,0.2838656,0.65902101,0.37139636,0.6078979,0.42588137,0.17618433,0.43115797,0.1640105,0.61638998,0.19184988,0.65789588,0.21916193,0.67850355,0.3153123,0.8927065,0.11081936,0.92205161,0.45599423,0.98057947,0.67776803,0.98506855,0.56318982,output,1,2,3,1,3,5,2,3,4,3,4,6,2,4,8,3,5,6,1,5,14,4,6,7,5,6,14,4,7,8,2,8,12,7,8,9,6,7,11,7,9,11,8,9,12,9,10,11,9,10,12,6,11,13,10,11,12,11,12,13,6
0.0283851,0.16211372,0.02967484,0.86994838,0.10283915,0.03734406,0.12757394,0.65609484,0.12797522,0.62995056,0.28807237,0.10804568,0.33615261,0.41431524,0.48912223,0.29120703,0.72220979,0.35532427,0.72351365,0.99479725,0.7971962,0.24265788,0.81713178,0.00595448,0.84089618,0.86059495,0.86254327,0.2921846,0.94360777,0.50255589,output,1,2,5,1,3,6,2,4,5,4,5,7,2,4,10,1,5,7,1,6,7,3,6,12,4,7,10,6,7,8,6,8,12,7,8,9,7,9,13,8,9,11,8,11,12,7,10,13,9,11,14,11,12,14,9,14,15,9,13,15,12
0.08077135,0.66584922,0.13306157,0.04799626,0.22162111,0.53599779,0.23146921,0.06887972,0.31805617,0.20646889,0.35341876,0.34045082,0.3617321,0.50061812,0.37058209,0.66322696,0.41113729,0.76417529,0.43588673,0.72134982,0.46544757,0.16835236,0.91998165,0.62180391,0.93798949,0.53133579,0.94815057,0.61928379,0.97908907,0.66988716,output,1,2,3,2,4,5,1,3,8,2,3,5,3,5,6,3,6,7,3,7,8,4,5,11,1,8,9,5,6,11,6,7,11,7,8,10,8,9,10,9,10,15,7,10,12,7,11,13,7,12,13,10,12,15,12,13,14,12,14,15,13
0.11282159,0.75149154,0.13384654,0.01149338,0.13437673,0.17492882,0.20454114,0.5857084,0.3682172,0.91456412,0.43755138,0.34454996,0.47724447,0.30503552,0.48305262,0.43717531,0.48837079,0.7838582,0.68101093,0.00287737,0.73143912,0.3053664,0.76460132,0.82204998,0.76825281,0.7293429,0.82302595,0.95974344,0.88535148,0.88105341,output,1,2,3,1,3,4,2,3,7,1,4,5,3,4,6,4,5,9,4,8,9,4,6,8,3,6,7,2,7,10,6,7,8,5,9,14,7,8,11,8,9,13,7,10,11,8,11,13,9,12,13,9,12,14,10,11,15,12,13,15,11
0.10817978,0.7101345,0.16599187,0.09513074,0.17426859,0.1872278,0.18346932,0.32026644,0.34753313,0.36199443,0.37806785,0.54525485,0.40606125,0.63747555,0.4572392,0.25230113,0.49960711,0.13730176,0.51597632,0.20347491,0.6518799,0.15057851,0.66520118,0.01643206,0.72953118,0.91942412,0.84033134,0.50121837,0.86795705,0.70603243,output,1,2,3,1,3,4,2,3,9,3,4,5,1,4,6,4,5,6,3,5,8,1,6,7,1,7,13,5,6,8,3,8,9,6,7,14,2,9,12,8,9,10,8,10,14,6,8,14,9,10,11,9,11,12,10,11,14,11,12,14,7
0.0050218,0.86363347,0.11732598,0.18537679,0.40941642,0.27328692,0.48100281,0.33643671,0.63318777,0.74427041,0.66040446,0.37571803,0.7021351,0.03048334,0.79634739,0.38993485,0.8019261,0.67145547,0.83828933,0.43900714,0.86930998,0.2549376,0.93317083,0.23314537,0.93648868,0.91107206,0.94339158,0.03178005,0.97065161,0.38027618,output,1,2,3,2,3,7,1,3,4,1,4,5,3,4,7,4,5,6,4,6,7,1,5,13,5,6,9,6,7,11,6,9,10,5,9,13,6,8,11,6,8,10,8,10,15,7,11,14,9,10,15,8,11,15,9,13,15,11,12,14,11
0.25632065,0.46755048,0.31585012,0.3456025,0.39861757,0.1553193,0.46345322,0.40341532,0.4722146,0.42854965,0.51236367,0.40635351,0.62377248,0.13468078,0.63976307,0.45750239,0.6641983,0.97668031,0.71043409,0.61659974,0.75464941,0.37860584,0.804854,0.66358798,0.80962386,0.74073022,0.84944205,0.16514883,0.92622485,0.91007793,output,1,2,3,1,2,4,2,3,4,1,4,5,1,5,10,4,5,6,3,4,6,3,6,7,5,6,8,1,9,10,5,8,10,6,7,11,6,8,11,8,10,11,9,10,13,7,11,14,10,11,12,10,12,13,11,12,14,9,13,15,12
0.015661,0.26382212,0.02812523,0.82584928,0.05042127,0.57496123,0.10659467,0.48493014,0.15799876,0.05348881,0.29734682,0.71359405,0.3120222,0.35233647,0.34292509,0.9510995,0.37696986,0.24542111,0.54711585,0.34242523,0.58542859,0.15492836,0.62116934,0.63118923,0.68176239,0.68209987,0.78498006,0.23013821,0.81077579,0.13194814,output,1,2,3,1,3,4,3,4,6,2,3,6,1,4,7,1,5,7,4,6,7,2,6,8,5,7,9,5,9,11,6,8,12,7,9,10,6,7,12,7,10,12,9,10,11,5,11,15,8,12,13,10,11,14,10,12,14,12,13,14,11
0.04983437,0.27434461,0.05839576,0.1376416,0.09050028,0.83565033,0.13928685,0.91523596,0.16633311,0.94553953,0.21875051,0.10357246,0.36422733,0.81056331,0.37554801,0.200974,0.41317409,0.10824721,0.47256699,0.5313084,0.52632377,0.16269148,0.54472299,0.43607228,0.63967705,0.39016248,0.86552481,0.13553018,0.99704161,0.28998703,output,1,2,6,3,4,7,4,5,7,1,3,10,1,6,8,1,8,10,3,7,10,6,8,9,8,9,11,8,11,12,8,10,12,7,10,13,9,11,14,10,12,13,11,12,13,11,13,14,7,13,15,13,14,15,,,,,,,
0.04379248,0.26403611,0.10372422,0.50897344,0.22213942,0.07456774,0.3288336,0.30325177,0.35447939,0.17700629,0.36740191,0.93536849,0.45134783,0.417444,0.48959469,0.938858,0.57855797,0.54403763,0.65201147,0.9542543,0.7393026,0.71287883,0.73947603,0.01691918,0.75671822,0.90663123,0.802099,0.21357145,0.94663312,0.32681679,output,1,2,4,1,3,4,2,6,7,3,4,5,2,4,7,3,5,12,4,5,7,6,8,9,6,8,10,6,7,9,5,7,14,7,9,14,8,10,11,8,9,11,5,12,14,10,11,13,9,11,15,11,13,15,9,14,15,12,14,15,
0.03877608,0.7972166,0.1457666,0.83409593,0.19296876,0.56365019,0.32671155,0.0983367,0.33347581,0.83334112,0.34795862,0.52861848,0.36342163,0.34992472,0.37046816,0.91203414,0.67519748,0.09012156,0.69003796,0.08290608,0.70251165,0.58896881,0.76427261,0.60365835,0.77045676,0.69338761,0.80938041,0.04179804,0.86557931,0.36662077,output,1,2,3,1,2,8,1,3,4,2,3,5,3,5,6,3,6,7,3,4,7,2,5,8,5,8,13,6,7,11,4,7,9,5,6,11,7,9,15,4,9,10,7,11,15,5,11,13,9,10,15,4,10,14,11,12,13,11,12,15,10
0.00757576,0.40190601,0.07148376,0.45380214,0.09107079,0.21220439,0.34405984,0.24057507,0.45228031,0.20428365,0.51908279,0.37860974,0.5583647,0.37421626,0.57486633,0.18123477,0.57719728,0.38214645,0.59831566,0.27412425,0.75313221,0.20925986,0.75548987,0.67742488,0.83805061,0.27265211,0.84026475,0.24431225,0.97470554,0.78317572,output,1,2,3,2,3,4,3,4,5,2,4,6,4,5,6,3,5,8,2,6,12,5,6,10,6,7,10,5,8,10,6,7,9,6,9,12,7,9,10,8,10,11,9,10,13,9,12,13,10,11,13,2,12,15,11,13,14,13,14,15,12
0.02563316,0.82499264,0.03336541,0.0151332,0.09454824,0.90362602,0.11159875,0.17584436,0.26790534,0.24324769,0.3061469,0.46386014,0.47411586,0.57214215,0.56909465,0.37601335,0.62805273,0.99655527,0.63238198,0.35564087,0.64989872,0.31447386,0.68277114,0.37293923,0.77941207,0.3675778,0.82127205,0.96203803,0.96233377,0.82214861,output,1,2,4,1,3,6,2,4,5,1,4,6,4,5,6,2,5,11,3,6,7,5,6,8,3,7,9,6,7,8,5,8,11,7,8,12,8,10,11,8,10,12,2,11,13,10,11,12,7,12,15,7,9,14,11,12,13,12,13,15,7
0.07108367,0.12342058,0.08011553,0.39871801,0.14356351,0.87863699,0.24603458,0.08268005,0.34531348,0.26314914,0.36738826,0.82945497,0.4428054,0.08538627,0.52869923,0.03002338,0.54115923,0.51828573,0.57706754,0.2265604,0.59887945,0.74741365,0.63193034,0.61347454,0.72796456,0.02342787,0.79270665,0.62125585,0.92520138,0.56213737,output,1,2,5,2,3,6,1,4,5,2,5,9,4,5,7,2,6,9,4,7,8,5,7,10,5,9,10,7,8,10,6,9,11,9,11,12,8,10,13,9,10,14,9,12,14,11,12,14,10,13,15,11,14,15,10,14,15,,,,
0.09106902,0.67341832,0.13782915,0.16448313,0.16796301,0.928872,0.20265844,0.74276411,0.24398889,0.81799271,0.27408798,0.86386394,0.27698737,0.74384744,0.33950139,0.42700071,0.68911535,0.21146842,0.76149576,0.41013593,0.78120426,0.31572963,0.78267731,0.38848738,0.91890362,0.49487867,0.96455895,0.36563348,0.96672345,0.14057033,output,1,3,4,1,4,8,1,2,8,3,4,5,4,5,7,3,5,6,4,7,8,5,6,7,3,6,13,6,7,13,2,8,9,7,8,10,8,9,10,2,9,15,9,10,11,7,10,13,10,11,12,10,12,13,9,11,15,11,12,14,12
0.01102217,0.5165853,0.03481814,0.16602883,0.09439192,0.68658739,0.12463052,0.46510801,0.3855791,0.92897972,0.39430851,0.23880188,0.40942799,0.79028619,0.41824115,0.7541819,0.44156781,0.86262712,0.54299365,0.73099683,0.55115629,0.85498834,0.58068236,0.08972917,0.65631551,0.24810425,0.65793998,0.42640145,0.91710083,0.06326592,output,1,2,4,1,3,4,2,4,6,3,4,8,4,6,8,3,5,7,2,6,12,3,7,8,5,7,9,7,8,10,5,9,11,7,9,11,7,10,11,6,8,14,8,10,14,6,12,13,10,11,14,6,13,14,12,13,15,11,14,15,13
0.10331787,0.26476165,0.17047448,0.30972804,0.20357573,0.55422484,0.21974413,0.17173201,0.40651044,0.55292477,0.47850686,0.15951848,0.61156756,0.97544582,0.68004147,0.73179945,0.68909079,0.78187716,0.69529282,0.83556289,0.82075319,0.02408969,0.87047178,0.31576826,0.90807916,0.24552095,0.9307846,0.51320498,0.95828349,0.51852815,output,1,2,3,1,2,4,2,4,6,2,3,5,2,5,6,3,5,7,4,6,11,5,6,12,5,7,8,5,8,12,7,8,9,7,9,10,8,9,14,7,10,15,9,10,15,6,11,12,8,12,14,11,12,13,12,13,15,9,14,15,12
0.12492759,0.20823966,0.16732135,0.16922443,0.27854215,0.36042137,0.35308835,0.14737449,0.3560045,0.48475736,0.36345435,0.08692679,0.42063875,0.48008805,0.43261401,0.17266584,0.44374871,0.76025729,0.57416781,0.52249139,0.66305667,0.90400969,0.75439098,0.209957,0.82433313,0.88762459,0.82691958,0.53486336,0.95663648,0.56095382,output,1,2,3,2,3,4,1,3,5,1,5,9,2,4,6,3,7,8,3,5,7,3,4,8,4,6,8,5,7,9,6,8,12,7,8,10,7,9,10,9,10,11,8,10,12,10,11,14,10,12,14,11,13,14,12,14,15,13,14,15,
0.07232224,0.41925025,0.08679144,0.14200832,0.08732143,0.20934524,0.11541916,0.3189313,0.13112116,0.16398646,0.21642776,0.49339716,0.41060398,0.2906368,0.42555449,0.87441389,0.51159656,0.90622211,0.53912709,0.58187116,0.69951096,0.62674304,0.77609957,0.1363571,0.79231168,0.61068347,0.94610203,0.8512874,0.97197634,0.63599072,output,1,2,3,1,3,4,2,3,5,3,4,5,1,4,6,2,5,12,4,5,7,1,6,8,4,6,7,6,7,10,6,8,10,5,7,12,8,9,10,7,10,12,9,10,11,10,11,12,9,11,14,11,12,13,11,13,14,12,13,15,13
0.01688578,0.24442915,0.02883744,0.66276672,0.06563671,0.3023886,0.1783059,0.46465258,0.2395209,0.87764783,0.36233142,0.2345639,0.40842277,0.10510413,0.47895758,0.44585466,0.54027841,0.20475078,0.61957952,0.19394604,0.74544459,0.32719939,0.83353401,0.20775298,0.84432029,0.91800544,0.97605306,0.37335203,0.98332849,0.39593982,output,1,2,3,1,3,6,2,3,4,2,4,5,3,4,6,4,5,8,1,6,7,4,6,8,6,7,9,6,8,9,5,8,13,7,9,10,8,9,11,9,10,11,7,10,12,8,11,13,10,11,12,11,12,14,11,13,15,11,14,15,
0.01586355,0.94782573,0.06000652,0.02322441,0.12450035,0.26651703,0.12923788,0.91593096,0.13179143,0.08852739,0.18869242,0.3877322,0.31863493,0.19461856,0.41399187,0.33196066,0.56548698,0.74647891,0.62315602,0.48144009,0.67896601,0.01230062,0.73509871,0.83361969,0.83072334,0.91840884,0.88827729,0.11565507,0.98875607,0.3067418,output,1,2,3,1,4,6,2,3,5,1,4,13,2,5,11,1,3,6,3,5,7,3,6,7,4,6,9,6,7,8,5,7,11,6,8,9,7,8,11,8,9,10,8,10,11,4,9,12,9,10,12,4,12,13,10,11,14,10,12,15,12
0.14123432,0.27424688,0.1658681,0.41344939,0.17966817,0.06864412,0.25903351,0.20777475,0.31314364,0.0541322,0.36140842,0.07211789,0.36860003,0.19534459,0.51535685,0.9439109,0.54307578,0.78244406,0.55239204,0.92128329,0.61506846,0.88417664,0.62975867,0.18475656,0.92767407,0.86674817,0.92850384,0.59646633,0.99859181,0.99736572,output,1,2,4,1,3,4,3,4,5,2,4,7,4,5,7,2,7,9,5,6,7,6,7,12,2,8,9,7,9,12,8,9,10,8,10,15,9,10,11,10,11,15,9,11,14,9,12,14,11,13,14,11,13,15,13,14,15,,,,
0.03337342,0.27608781,0.0733546,0.0358349,0.12519341,0.1623102,0.17829265,0.03760022,0.18709324,0.07445427,0.39297551,0.85929386,0.41768375,0.51893379,0.51510258,0.08976792,0.55091902,0.47078279,0.72823774,0.61210822,0.77260171,0.89552132,0.79597092,0.69634683,0.81938882,0.03187934,0.96116326,0.40362255,0.99368251,0.95434457,output,1,2,3,1,3,7,2,3,5,2,4,5,2,4,13,4,5,8,3,5,8,1,6,7,3,7,8,7,8,9,6,7,10,4,8,13,7,9,10,8,9,13,6,10,11,9,10,14,10,11,12,6,11,15,10,12,14,9,13,14,11
0.00352151,0.23357265,0.05411388,0.59731259,0.0541328,0.56294326,0.06983433,0.65781865,0.13460817,0.31305523,0.16942659,0.52978445,0.26112806,0.90068848,0.42748706,0.53715542,0.50032441,0.91459668,0.54481507,0.13505215,0.6918141,0.53311277,0.78131211,0.34545593,0.9039049,0.11793238,0.95578256,0.98848567,0.96488415,0.71023467,output,1,2,3,2,3,6,1,3,5,2,4,6,3,5,6,1,5,10,4,6,7,5,6,8,6,7,8,5,8,10,7,8,9,7,9,14,8,9,11,8,10,11,10,11,12,9,11,15,10,12,13,11,12,15,9,14,15,12,13,15,
0.22039711,0.89231034,0.29212805,0.4318702,0.37699737,0.92355356,0.3838751,0.76721575,0.47942508,0.60390095,0.5982741,0.64814899,0.60600878,0.25825939,0.66789914,0.25330557,0.67218108,0.58876349,0.6766403,0.97600553,0.70747479,0.25733806,0.82329892,0.58760198,0.92690058,0.07166543,0.9460252,0.68339906,0.98737845,0.14603381,output,1,2,4,1,3,4,2,4,5,3,4,10,2,5,7,4,5,6,4,6,10,5,7,9,5,6,9,2,7,13,7,8,9,7,8,13,6,9,12,8,9,11,6,10,12,8,11,13,9,11,12,11,12,15,10,12,14,12,14,15,11
0.0243374,0.28132561,0.02501158,0.79976091,0.18715701,0.9344557,0.24740861,0.62780442,0.27567815,0.6111652,0.28363896,0.56183054,0.31264779,0.77241578,0.32975187,0.63135282,0.35613696,0.30095622,0.47173856,0.22000919,0.51861345,0.2106942,0.5593947,0.92913446,0.70983988,0.40946099,0.72295019,0.24936558,0.9841792,0.17986265,output,1,2,4,2,3,7,2,4,7,1,6,9,1,4,6,4,5,6,4,5,8,5,6,8,4,7,8,6,8,9,3,7,12,1,9,10,7,8,12,8,9,13,9,10,13,1,10,11,8,12,13,10,11,13,11,13,14,11,14,15,12
0.07839848,0.30235677,0.089296,0.40426044,0.30685434,0.6238953,0.35131308,0.45677872,0.50278516,0.9816706,0.54248956,0.90280367,0.58668917,0.58031804,0.72696375,0.39371118,0.77984127,0.52995336,0.80759828,0.87667232,0.81027855,0.6166759,0.85372515,0.13063666,0.87651633,0.16374874,0.89153508,0.50883937,0.919017,0.53322835,output,1,2,4,2,3,4,2,3,5,1,4,12,3,4,7,3,6,7,3,5,6,5,6,10,4,7,8,6,7,10,4,8,12,7,8,9,7,10,11,7,9,11,8,9,14,8,13,14,9,11,14,10,11,15,8,12,13,11,14,15,13
0.00352024,0.17945558,0.00591047,0.26122006,0.01591552,0.21306048,0.06510971,0.84692062,0.14992933,0.80767238,0.38398079,0.6263651,0.50030927,0.95438217,0.65800012,0.02837539,0.74204548,0.17292373,0.74506838,0.26165403,0.77185259,0.96233413,0.82903741,0.14958513,0.8799147,0.88801563,0.96465546,0.86713319,0.99060833,0.93667266,output,1,2,3,1,3,8,2,3,6,2,4,5,4,5,7,2,5,6,3,6,8,5,6,7,6,7,11,6,8,10,6,10,13,8,9,10,8,9,12,9,10,12,6,11,13,10,12,14,11,13,15,10,13,14,13,14,15,12,14,15,
0.01063589,0.91377379,0.02045744,0.33480761,0.04857358,0.51655034,0.06228515,0.87939356,0.11042522,0.69716768,0.46767569,0.49317375,0.47942444,0.98515463,0.50739976,0.74304788,0.55102363,0.06258476,0.57745424,0.10338851,0.72066381,0.97160214,0.73827661,0.27247062,0.7943945,0.54632707,0.85803137,0.6830016,0.90379645,0.43622831,output,1,2,3,1,4,5,1,4,7,1,3,5,2,3,6,3,5,6,4,5,7,2,6,9,5,6,8,5,7,8,6,9,10,7,8,11,6,8,13,9,10,12,6,10,12,6,12,13,8,11,14,9,12,15,8,13,14,12,13,15,13
0.04901675,0.6680178,0.18765494,0.56000837,0.21608567,0.79628052,0.22270985,0.65272579,0.28324009,0.17517907,0.32464942,0.15877754,0.39001167,0.92732003,0.47356971,0.75091381,0.5818677,0.61389883,0.68098409,0.31823272,0.80124471,0.82740976,0.90640389,0.47758792,0.92896692,0.29705845,0.9299884,0.25897825,0.93049668,0.33976391,output,1,2,5,1,2,4,1,3,4,2,4,9,3,4,8,2,5,6,2,6,9,3,7,8,4,8,9,7,8,11,6,9,10,8,9,11,6,10,14,9,10,12,9,11,12,10,12,15,10,13,15,10,13,14,13,14,15,,,,
0.01896539,0.38110768,0.06938663,0.2616303,0.12331953,0.9941412,0.15029151,0.8888596,0.17561325,0.79583119,0.26910611,0.86464443,0.27821015,0.31103644,0.32313927,0.50632307,0.36601064,0.12309236,0.62129049,0.06793195,0.62339841,0.35565872,0.68517087,0.85156809,0.7500497,0.3802157,0.84814597,0.07861586,0.98038154,0.24252873,output,1,2,7,1,3,4,1,4,5,3,4,6,1,5,8,4,5,6,1,7,8,5,6,8,2,7,9,3,6,12,7,8,11,7,9,11,6,8,12,8,11,12,9,10,11,10,11,13,11,12,13,10,13,14,12,13,15,13,14,15,
0.07321908,0.02379524,0.12891597,0.61572302,0.17785804,0.84112868,0.21091696,0.75876014,0.25888391,0.48020056,0.35994744,0.93351055,0.37369049,0.37944458,0.5084054,0.55273473,0.52006029,0.88011784,0.71741802,0.28813196,0.83332332,0.16745936,0.89388824,0.05547811,0.90834999,0.3312634,0.93126049,0.92060485,0.96663067,0.84089236,output,1,2,5,2,3,4,2,4,5,3,4,6,1,5,7,4,5,8,5,7,8,4,6,9,1,7,10,4,8,9,7,8,10,6,9,14,8,9,15,1,10,11,8,10,13,8,13,15,1,11,12,10,11,13,11,12,13,9,14,15,12
0.11697696,0.2064296,0.20445759,0.83582055,0.24606116,0.20525249,0.41437775,0.12123663,0.45251969,0.14667403,0.53341221,0.78418747,0.54254939,0.6045252,0.55585284,0.01728325,0.58799018,0.07737494,0.58849086,0.3838328,0.65977521,0.56588287,0.69300049,0.17019425,0.73713105,0.98179277,0.92875099,0.31751566,0.9831665,0.84948289,output,1,2,3,1,3,4,2,3,7,1,4,8,3,4,5,3,5,10,4,5,8,2,6,7,3,7,10,2,6,13,5,8,9,6,7,11,5,9,12,5,10,12,8,9,12,7,10,11,6,11,13,10,11,14,8,12,14,10,12,14,11
0.00451305,0.79046376,0.13739771,0.11392998,0.18403668,0.31937864,0.1923143,0.24765697,0.26985643,0.89721323,0.37933111,0.9707504,0.38972581,0.65946285,0.63569289,0.27919264,0.70714229,0.10327912,0.81868322,0.76148117,0.91303375,0.67358275,0.91602748,0.43387303,0.93015662,0.76181524,0.95477382,0.55402649,0.99257419,0.83465998,output,1,2,3,2,3,4,1,3,7,3,4,8,2,4,9,1,5,7,1,5,6,5,6,7,3,7,8,6,7,10,4,8,9,7,8,10,8,9,12,8,10,12,6,10,15,10,11,12,10,11,13,10,13,15,11,12,14,11,13,15,11
0.03291688,0.64741925,0.05464436,0.58701265,0.10999131,0.3139207,0.28196359,0.24423137,0.32533049,0.83387145,0.41125183,0.00365996,0.48756872,0.09016636,0.59415685,0.61602309,0.61231065,0.71028699,0.70857431,0.43000039,0.7379052,0.58157653,0.80411544,0.62183348,0.85543097,0.38645221,0.86175164,0.72519669,0.9097648,0.22447716,output,1,2,3,1,2,5,2,3,4,3,4,6,2,4,8,2,5,8,4,6,7,4,7,10,6,7,15,5,8,9,4,8,10,5,9,14,8,9,11,8,10,11,7,10,15,9,11,12,10,11,13,11,12,13,9,12,14,10,13,15,12
0.06985401,0.47316664,0.11593212,0.99516264,0.16390104,0.3541284,0.35191701,0.74133105,0.3560757,0.44739748,0.39595773,0.85029872,0.43546353,0.2715077,0.64306037,0.32007487,0.67139704,0.42797691,0.69343261,0.10237161,0.79735173,0.91671629,0.82532595,0.24962232,0.88788508,0.59196214,0.92065415,0.12468426,0.94432103,0.01078112,output,1,3,5,1,2,4,1,4,5,3,5,7,2,4,6,2,6,11,4,6,9,3,7,10,4,5,9,5,7,8,7,8,10,5,8,9,6,9,11,8,9,12,8,10,12,9,12,13,9,11,13,10,12,14,12,13,14,10,14,15,13
0.07287033,0.21621324,0.14739209,0.37820806,0.32316313,0.91316018,0.38870429,0.2737513,0.41745224,0.56326082,0.42065043,0.11658912,0.53778272,0.36958172,0.58643553,0.57175934,0.64677189,0.53137027,0.70524539,0.78788614,0.70537129,0.47999902,0.80485979,0.60204701,0.81204693,0.87760597,0.86928868,0.31408845,0.97050299,0.4767205,output,1,2,3,1,2,4,2,3,5,2,4,5,1,4,6,4,6,7,4,5,7,3,5,10,5,7,8,5,8,10,6,7,14,7,8,9,8,9,12,7,9,11,3,10,13,7,11,14,9,11,12,8,10,12,10,12,13,11,12,15,12
0.05360632,0.04264251,0.07659883,0.19927266,0.21650655,0.00106476,0.38828769,0.72631544,0.45039078,0.52687475,0.51115277,0.31249483,0.68018359,0.70587902,0.68137209,0.68720496,0.7337775,0.39949625,0.7950463,0.09272936,0.8745881,0.18208954,0.87742038,0.7501016,0.93474756,0.94388344,0.98272009,0.95637136,0.99392002,0.76945324,output,1,2,3,2,3,6,2,4,5,2,5,6,4,5,8,3,6,10,5,6,9,5,8,9,4,7,13,4,7,8,6,9,10,7,8,12,8,9,12,9,10,11,9,11,15,7,12,13,9,12,15,12,13,15,13,14,15,,,,
0.0655904,0.89685442,0.12355577,0.66714847,0.2199344,0.58755853,0.23994342,0.50730769,0.47049959,0.92693768,0.54847888,0.5510187,0.55030484,0.82595672,0.55249974,0.12357623,0.56795141,0.08852941,0.60782564,0.54466754,0.63399422,0.01694965,0.69745363,0.8359029,0.71353766,0.85271038,0.8612203,0.29942163,0.91771364,0.82979104,output,1,2,5,2,3,4,2,3,5,3,4,6,4,6,8,3,6,7,3,5,7,4,8,9,5,7,13,6,7,10,8,9,14,6,8,10,7,10,12,9,11,14,8,10,14,7,12,13,5,13,15,12,13,15,10,12,15,10,14,15,
0.11090796,0.26936507,0.13617717,0.32479837,0.20848974,0.78619614,0.22369046,0.18028424,0.28975142,0.4363921,0.29810696,0.08083292,0.30500697,0.42950181,0.45554231,0.15518923,0.62784606,0.41761538,0.79585672,0.7312854,0.81585179,0.40364285,0.84584654,0.50717903,0.85243361,0.49667673,0.89195728,0.16897797,0.97011468,0.87162404,output,1,2,3,1,2,4,2,4,7,1,4,6,2,3,5,2,5,7,3,5,7,4,6,8,4,7,8,3,7,9,6,8,14,7,8,9,3,9,10,8,9,14,9,10,12,9,11,14,3,10,15,9,11,12,11,13,14,11,12,13,12
0.02895654,0.40839053,0.05816289,0.19329076,0.08472954,0.14405361,0.1084847,0.59391057,0.35083395,0.27663276,0.36829453,0.61683199,0.53402626,0.48350798,0.63981563,0.32525212,0.65222503,0.38319514,0.66102156,0.58547392,0.77711957,0.87347268,0.81284727,0.3163392,0.91799678,0.48144974,0.92732714,0.51213866,0.97311413,0.81144237,output,2,3,5,1,2,5,1,4,5,4,5,6,4,6,11,3,5,8,5,6,7,5,7,8,6,7,10,7,9,10,6,10,11,7,8,9,3,8,12,8,9,12,9,10,13,9,12,13,10,11,15,10,14,15,10,13,14,,,,
0.01108273,0.50431979,0.33626646,0.53536458,0.33648929,0.64638269,0.37447934,0.4192015,0.38809758,0.16698613,0.47836651,0.85384669,0.49479235,0.33733266,0.52085508,0.68051124,0.53512274,0.86870603,0.58280919,0.75491109,0.63968927,0.48679937,0.75517487,0.28748032,0.88004929,0.02802982,0.89036444,0.80872732,0.95016257,0.23816813,output,1,2,3,1,4,5,1,2,4,1,3,6,2,3,8,2,4,11,4,5,7,3,6,8,4,7,11,2,8,11,6,9,10,5,7,12,6,8,10,8,10,11,9,10,14,7,11,12,10,11,14,5,12,13,11,12,15,11,14,15,12
0.01529721,0.66516523,0.06945762,0.11588021,0.07690211,0.50138562,0.11713849,0.07018338,0.19616372,0.86388278,0.24113701,0.75415214,0.27463984,0.92481581,0.3058544,0.43250776,0.3414184,0.70178705,0.39550032,0.31982337,0.4868418,0.63975145,0.72033751,0.72314196,0.72716932,0.60176651,0.86445478,0.47102752,0.86801495,0.82929914,output,1,2,3,1,3,6,2,4,10,2,3,8,1,5,6,5,6,7,3,8,9,3,6,9,6,7,9,2,8,10,7,9,11,8,10,11,8,9,11,4,10,14,7,11,12,10,11,13,11,12,13,7,12,15,10,13,14,12,13,15,13
0.03184294,0.95832402,0.03263164,0.577578,0.05242565,0.66122319,0.17842351,0.13379085,0.29699135,0.97870828,0.35518354,0.92014074,0.50355717,0.27281427,0.52893773,0.17013906,0.54040862,0.68278526,0.62698843,0.81386179,0.66659093,0.59228013,0.688118,0.64372751,0.78694577,0.08311148,0.86426233,0.62106338,0.96348344,0.62992268,output,1,2,3,2,3,9,1,3,5,2,4,7,3,5,6,3,6,9,5,6,10,2,7,9,4,7,8,4,8,13,6,9,10,7,8,13,7,9,11,9,10,12,7,11,13,9,11,12,11,12,14,10,12,14,11,13,14,10,14,15,13
0.04477795,0.36770671,0.13257901,0.36083792,0.19695079,0.6834222,0.25701751,0.28554398,0.30647073,0.0833527,0.34095982,0.42340489,0.35118059,0.6608436,0.40146803,0.81332777,0.41876654,0.41721752,0.48250436,0.41720979,0.5199197,0.85081395,0.53343153,0.84306115,0.57024755,0.97797884,0.69673478,0.86123198,0.95025865,0.59817394,output,1,2,3,1,2,5,2,4,5,2,3,6,2,4,6,3,6,7,4,5,9,3,7,8,4,6,9,6,7,9,3,8,13,7,8,12,5,9,10,7,9,10,7,10,12,8,11,13,8,11,12,11,12,13,5,10,15,10,12,14,12
0.0427768,0.27340764,0.1142485,0.43896837,0.13587646,0.69234497,0.13671419,0.88672982,0.27363452,0.22825222,0.32679636,0.89527825,0.44726579,0.32847925,0.51398544,0.12672832,0.55953202,0.78547422,0.59381617,0.63055513,0.64105697,0.35619512,0.75963484,0.43277132,0.85100072,0.17048061,0.98665549,0.35856167,0.99486983,0.15614263,output,1,2,3,1,3,4,1,2,5,3,4,6,2,3,7,1,5,8,2,5,7,3,6,9,5,7,8,3,7,10,3,9,10,7,8,11,7,10,11,9,10,12,8,11,13,10,11,12,11,12,13,9,12,14,8,13,15,12,13,14,13
0.0844965,0.70111464,0.18656392,0.42697725,0.34111365,0.44436737,0.40866469,0.06030789,0.44742442,0.20842575,0.48118657,0.03411209,0.52380819,0.46371689,0.5462303,0.87127111,0.55221716,0.17408227,0.64237526,0.55425686,0.71556312,0.5905252,0.81680339,0.82572054,0.86597623,0.65811012,0.8808855,0.73790453,0.91823873,0.72382092,output,1,2,3,1,3,8,2,3,5,2,4,5,3,5,7,4,5,6,3,7,8,5,6,9,5,7,9,6,9,15,7,9,10,7,8,10,8,10,11,9,10,11,8,11,12,9,11,13,11,12,13,12,13,14,9,13,15,12,14,15,13
0.06089851,0.49281433,0.08996123,0.67906292,0.16319559,0.56571811,0.22595781,0.49869303,0.2390777,0.0903699,0.32081535,0.85899749,0.3456662,0.83702982,0.44119903,0.03456767,0.45053251,0.54405127,0.65473949,0.88602821,0.68457528,0.63647501,0.71601242,0.19827717,0.75530511,0.52375137,0.75765569,0.04005995,0.88577118,0.54828683,output,1,2,3,1,3,4,1,4,5,2,3,7,3,4,9,4,5,9,2,6,7,3,7,9,6,7,10,5,8,9,7,9,11,8,9,12,7,10,11,9,12,13,9,11,13,8,12,14,10,11,15,12,14,15,11,13,15,12,13,15,
0.00378879,0.79575447,0.0060299,0.83448837,0.04239874,0.21178133,0.24640078,0.10257083,0.26426751,0.62124398,0.34577349,0.36713944,0.39713356,0.49075531,0.42270452,0.88608939,0.42764766,0.32944857,0.43160415,0.72247537,0.46349586,0.88417196,0.54680313,0.88442042,0.63293172,0.59119746,0.67643416,0.93913487,0.73125685,0.30198443,output,1,2,5,1,3,5,3,4,6,2,5,8,3,5,6,5,6,7,5,7,10,4,6,9,6,7,9,5,8,10,2,8,14,8,10,11,4,9,15,7,9,13,8,11,14,7,10,13,10,11,12,10,12,13,11,12,14,9,13,15,12
0.01117709,0.45116049,0.03133826,0.26238525,0.12583166,0.62064455,0.20938798,0.30769616,0.22414265,0.00172036,0.26014557,0.12954673,0.32995363,0.12009659,0.36794074,0.49982844,0.45902546,0.55576004,0.62542208,0.18276534,0.64694963,0.11583796,0.72560645,0.70569765,0.78461263,0.74205621,0.94294246,0.63093095,0.9977956,0.99317897,output,1,2,4,1,3,4,2,4,6,2,5,6,3,4,8,5,6,7,4,6,7,4,7,8,5,7,11,3,8,9,8,9,10,7,8,10,3,9,12,9,10,12,7,10,11,10,11,14,3,12,15,12,13,15,12,13,14,10,12,14,13
0.04146878,0.55556645,0.10101713,0.09129335,0.13011455,0.10853502,0.36739925,0.44827401,0.40822478,0.96281044,0.41434665,0.4387478,0.4837387,0.09845443,0.50019126,0.26104651,0.59416628,0.12767383,0.60069769,0.15167973,0.60313274,0.52709195,0.65035968,0.74517038,0.75269706,0.85059624,0.84666595,0.54365269,0.97023171,0.71666252,output,1,2,3,2,3,7,1,3,4,1,4,5,3,4,8,4,6,8,4,6,11,3,7,8,6,8,11,4,5,12,7,8,10,8,10,11,4,11,12,7,9,10,9,10,14,5,12,13,10,11,14,11,12,14,12,13,14,9,14,15,13
0.03600704,0.84398974,0.18610759,0.37999918,0.21124954,0.60701238,0.26046718,0.97946047,0.3509435,0.75350677,0.36078991,0.86823988,0.40837023,0.45673322,0.48260796,0.4045329,0.49842485,0.08656104,0.57488263,0.83934619,0.64327164,0.90824502,0.66305986,0.22147549,0.67169085,0.14408052,0.73446566,0.8017493,0.7576547,0.56235315,output,1,2,3,1,3,5,1,4,6,2,3,7,1,5,6,3,5,7,4,6,11,2,8,9,5,6,10,2,7,8,5,7,10,7,8,15,8,9,12,6,10,11,7,10,15,8,12,15,9,12,13,10,11,14,12,13,15,10,14,15,
0.00966493,0.71733625,0.05770459,0.93006432,0.19386234,0.06337065,0.2241027,0.73759549,0.28876081,0.77890931,0.31995234,0.14166601,0.40458046,0.55543308,0.4872981,0.81901656,0.58322834,0.39483919,0.59050678,0.05903478,0.65394099,0.60076092,0.66458848,0.70651262,0.77286184,0.08557547,0.8374424,0.32831522,0.93486429,0.32942405,output,1,2,4,1,4,7,2,4,5,1,3,6,1,6,7,4,5,7,2,5,8,3,6,10,5,7,8,6,7,9,6,9,10,7,8,11,7,9,11,8,11,12,9,10,13,9,11,14,11,12,15,9,13,14,11,14,15,13,14,15,
0.00416047,0.24046069,0.03598544,0.38555517,0.08940292,0.13497438,0.1448366,0.40166728,0.20452087,0.39634646,0.27733782,0.73397729,0.29633063,0.69646234,0.49689428,0.1063805,0.52908556,0.50423864,0.55770513,0.15344351,0.63509694,0.50635293,0.81732287,0.97056669,0.87481956,0.42230556,0.94575784,0.74133302,0.96963342,0.18472617,output,1,2,4,1,3,4,2,4,6,3,4,5,4,5,7,3,5,8,4,6,7,6,7,12,5,7,9,5,9,10,5,8,10,7,9,12,8,10,15,9,10,11,9,11,12,10,11,13,11,13,14,11,12,14,10,13,15,13,14,15,
0.05524497,0.10226694,0.07087221,0.60045608,0.08153495,0.78307228,0.18515282,0.64239532,0.26872011,0.49583599,0.37423755,0.12995776,0.43754051,0.96229257,0.60568521,0.98013853,0.67128541,0.33764196,0.70483795,0.06611887,0.7296045,0.88990022,0.86659677,0.26421668,0.91662147,0.09689775,0.93878534,0.65285982,0.94700312,0.99909052,output,2,3,4,1,2,5,2,4,5,3,4,7,1,5,6,4,5,7,1,6,10,5,6,9,5,7,11,5,9,11,7,8,11,6,9,10,8,11,15,9,10,12,9,12,14,9,11,14,10,12,13,11,14,15,12,13,14,,,,
0.01804437,0.31401477,0.03321453,0.14294516,0.05788992,0.11159687,0.08223965,0.56203846,0.12169916,0.88311902,0.19754677,0.21239899,0.23688602,0.04553077,0.32838506,0.50973764,0.33295148,0.93356121,0.36088347,0.16839771,0.42547747,0.7183487,0.56059513,0.45123202,0.61656231,0.78782932,0.68900971,0.06364429,0.75590622,0.7665606,output,2,3,6,1,4,5,1,2,6,1,4,8,1,6,8,3,6,7,4,5,11,6,7,10,6,8,10,4,8,11,5,9,11,7,10,14,8,10,12,8,11,12,9,11,13,11,12,13,10,12,14,9,13,15,12,14,15,12,13,15,
0.25185622,0.05778888,0.30866096,0.37847441,0.34136083,0.50967208,0.38155154,0.841825,0.4691082,0.76850323,0.50576138,0.24878467,0.59512899,0.70403769,0.65728621,0.77149471,0.7873076,0.68056894,0.79563442,0.94042569,0.808142,0.78305962,0.84316991,0.12352072,0.85141228,0.98716457,0.92146497,0.61440753,0.95631467,0.64085527,output,1,2,4,2,3,4,2,3,6,1,2,6,3,4,5,3,6,7,4,5,8,3,5,7,1,6,12,5,7,8,4,8,10,6,7,9,7,8,9,6,12,14,8,10,11,8,9,11,4,10,13,6,9,14,10,11,13,9,11,15,11
0.06764523,0.97768646,0.07912752,0.43842113,0.23425,0.83817693,0.2827442,0.36606411,0.33432026,0.82282077,0.37361042,0.78302737,0.46319415,0.09278831,0.65985946,0.78163319,0.68582183,0.01319198,0.77069203,0.26305445,0.90523417,0.36624149,0.91570338,0.26882201,0.92085966,0.78905237,0.92316689,0.46900971,0.96124333,0.29893015,output,1,2,3,2,4,6,1,3,5,2,4,7,2,3,6,3,5,6,1,5,8,5,6,8,4,6,8,4,7,10,4,8,10,7,9,10,1,8,13,9,10,12,8,10,14,8,13,14,10,11,12,10,11,14,9,12,15,11,14,15,11
0.06118404,0.7253011,0.06135873,0.14800204,0.06394277,0.47935467,0.12630182,0.86062082,0.14907766,0.44093844,0.15362191,0.84284416,0.1713434,0.73594449,0.28943009,0.46911165,0.41557018,0.63069118,0.46675834,0.36213595,0.5046622,0.83993427,0.56187464,0.48784495,0.64309417,0.00129107,0.77523584,0.08550195,0.92016047,0.68446571,output,1,2,3,2,3,5,1,3,7,3,5,7,1,4,6,1,6,7,4,6,11,2,5,8,6,7,11,5,7,8,7,8,9,2,8,10,7,9,11,2,10,13,8,9,12,8,10,12,9,11,12,10,12,14,11,12,15,10,13,14,12
0.00417252,0.94991421,0.08068262,0.40366877,0.17064797,0.81268984,0.31154065,0.61355018,0.33773449,0.0656482,0.39474178,0.83720634,0.44148975,0.16096935,0.45357765,0.66957896,0.53638778,0.2915902,0.56158841,0.93619249,0.66545667,0.27989467,0.67868838,0.63810478,0.68307614,0.49796926,0.70106638,0.14795591,0.77058844,0.30865571,output,1,2,3,1,3,6,2,3,4,3,4,6,2,4,9,2,5,7,1,6,10,4,6,8,4,8,9,2,7,9,5,7,14,6,8,10,7,9,14,8,10,12,8,9,13,9,11,13,8,12,13,9,11,14,12,13,15,11,14,15,11
0.00879015,0.97228945,0.03830372,0.65786501,0.0498768,0.37655237,0.0676812,0.27228926,0.09103038,0.32242387,0.23421056,0.64560463,0.30273001,0.76764328,0.37150512,0.51816061,0.41894439,0.49355674,0.50529921,0.32318837,0.65098666,0.02964318,0.83636614,0.69045345,0.86650607,0.9404971,0.94612544,0.73459719,0.98800259,0.25721773,output,1,2,3,3,4,5,3,5,8,4,5,10,2,3,6,1,2,7,2,6,7,3,6,8,6,7,8,1,7,13,5,8,10,7,8,9,8,9,10,4,10,11,7,9,12,9,10,12,10,11,15,7,12,13,10,12,15,12,13,14,12
0.04561492,0.35450431,0.05001178,0.73769261,0.10412721,0.79052584,0.10800016,0.57496022,0.11515934,0.23883078,0.33988958,0.73140805,0.45084375,0.95768415,0.53792237,0.19054396,0.5426039,0.29252094,0.56853493,0.13977629,0.65996184,0.24184039,0.68986019,0.8848014,0.75882445,0.57473647,0.76814196,0.8938064,0.87172057,0.60606224,output,1,2,4,2,3,4,1,4,5,3,4,6,4,5,9,4,6,9,3,6,7,6,7,12,5,8,9,5,8,10,6,9,13,8,10,11,8,9,11,6,12,13,9,11,13,7,12,14,12,13,14,11,13,15,13,14,15,,,,
0.16568572,0.81127148,0.30282262,0.18621771,0.35863337,0.39352964,0.41484149,0.49709018,0.46151379,0.31712539,0.48947488,0.3209179,0.55982886,0.62374764,0.56297388,0.3278128,0.57464528,0.37384606,0.62277422,0.9006299,0.76559852,0.50149464,0.81856715,0.41808582,0.88955267,0.9642266,0.89228979,0.14536937,0.98077223,0.85552799,output,1,2,3,1,3,4,2,3,5,3,4,5,1,4,7,2,5,6,4,5,6,1,7,10,2,6,8,4,6,9,4,7,9,6,8,9,2,8,14,8,9,12,1,10,13,7,9,11,7,10,11,9,11,12,8,12,14,10,11,15,11
0.0707332,0.15560786,0.10523357,0.49778867,0.12033281,0.20243536,0.13540739,0.76448993,0.14156341,0.81950465,0.17101858,0.2789714,0.32742875,0.36920847,0.37126112,0.7376977,0.51846648,0.1823992,0.52757525,0.15096117,0.59329004,0.95914396,0.65431673,0.9177408,0.67475994,0.42114348,0.73300812,0.93384993,0.90566918,0.24701502,output,1,2,3,1,3,10,2,4,5,2,3,6,4,5,8,3,6,9,2,4,8,2,6,7,2,7,8,6,7,9,5,8,11,7,8,13,7,9,13,3,9,10,9,10,15,8,12,13,8,11,12,11,12,14,12,13,14,9,13,15,13
0.00688084,0.33469022,0.04758432,0.38858484,0.08607417,0.87142021,0.10265133,0.13558867,0.10781313,0.3976729,0.15197952,0.08784996,0.16707242,0.16654675,0.21150842,0.40225545,0.42799533,0.4408417,0.46740384,0.47723888,0.48390911,0.29921315,0.71995568,0.59908043,0.84426993,0.1175638,0.93361168,0.58713074,0.94413913,0.2970995,output,1,2,3,1,2,5,2,3,5,1,5,7,1,4,7,4,6,7,3,5,8,5,7,8,6,7,11,7,8,11,3,8,10,8,9,11,8,9,10,9,10,11,3,10,12,6,11,13,10,11,12,11,12,15,3,12,14,11,13,15,12
0.0931261,0.33104566,0.14295022,0.72411536,0.16322614,0.12205445,0.25465098,0.20777463,0.32082922,0.34850031,0.35015944,0.36193092,0.35868642,0.80575541,0.40761582,0.62940665,0.47004574,0.50843591,0.49172671,0.50335901,0.53007544,0.92786452,0.55001823,0.76525418,0.66177755,0.50054236,0.97067554,0.55028029,0.9856053,0.01529158,output,1,3,4,1,2,5,1,4,5,3,4,15,2,5,8,2,7,8,4,5,6,5,6,8,2,7,11,4,6,15,6,8,9,7,8,12,8,10,12,6,9,10,8,9,10,7,11,12,6,10,13,10,12,13,11,12,14,6,13,15,12
0.02273496,0.06626847,0.14292999,0.87509677,0.14540359,0.01731534,0.14680553,0.48632828,0.33108131,0.39676158,0.33780649,0.78858314,0.38088154,0.71259603,0.4047464,0.66018183,0.47427688,0.48838621,0.50496695,0.91464136,0.67554088,0.7768136,0.73728915,0.36645321,0.81740095,0.10205948,0.95529059,0.30603335,0.97944419,0.65105038,output,1,2,4,1,3,5,1,4,5,2,4,6,4,5,8,2,6,10,4,6,7,4,7,8,6,7,10,3,5,13,5,8,9,7,8,11,5,9,12,8,9,11,7,10,11,9,11,12,5,12,13,10,11,15,11,12,15,12,13,14,12
0.00636569,0.47579825,0.02416744,0.70939629,0.08632822,0.33635861,0.13320623,0.48975813,0.26883107,0.92466189,0.42677164,0.45236204,0.56833539,0.11903494,0.5860325,0.43480204,0.63982744,0.43693025,0.6598538,0.32122324,0.86055894,0.48546666,0.94880362,0.03609234,0.95593661,0.81012148,0.99278285,0.95651818,0.9967301,0.28519258,output,1,2,4,1,3,4,2,4,5,3,4,6,4,5,6,3,6,7,5,6,8,6,8,10,6,7,10,5,8,9,8,9,10,5,9,13,7,10,12,9,10,11,9,11,13,10,11,15,10,12,15,5,13,14,11,13,15,13,14,15,
0.01298194,0.78442355,0.21783429,0.3657034,0.29400839,0.99677542,0.45191294,0.15986352,0.52926583,0.39603553,0.5476126,0.13243796,0.58698774,0.58074575,0.60600705,0.93367325,0.66564712,0.34305381,0.74846637,0.92508889,0.76162374,0.60663434,0.8455233,0.14342592,0.91733987,0.42221905,0.91882177,0.43717581,0.95346147,0.36628374,output,1,3,7,1,2,7,2,4,5,2,5,7,4,5,6,3,7,8,5,7,9,5,6,9,3,8,10,7,8,11,7,9,11,6,9,12,8,10,11,9,11,14,10,11,14,9,12,15,9,13,15,9,13,14,13,14,15,10,14,15,
0.0020806,0.97910972,0.12895306,0.70861394,0.18596047,0.20834537,0.23007019,0.30669084,0.27814662,0.2601338,0.29859662,0.86526589,0.30094146,0.29458863,0.50108969,0.96119644,0.5027928,0.43557905,0.57994213,0.36378099,0.58260759,0.87310266,0.58484687,0.57453015,0.65041219,0.55267281,0.78596845,0.85247247,0.96938486,0.94687474,output,1,2,3,1,2,6,2,3,4,3,4,5,4,5,7,3,5,10,2,6,12,4,7,9,1,6,8,2,4,9,5,7,10,2,9,12,6,8,11,6,11,12,7,9,10,1,8,15,9,10,13,8,11,14,9,12,13,12,13,14,11
0.02743385,0.15669225,0.06460347,0.0561892,0.08192784,0.6538346,0.13823728,0.89383742,0.14144392,0.13840935,0.15381697,0.3304551,0.16051698,0.14989687,0.19867643,0.47659028,0.34847103,0.24316705,0.38955116,0.24251934,0.52592317,0.84798464,0.69398566,0.00396075,0.72857354,0.63675331,0.86345439,0.68742517,0.93511082,0.35293181,output,1,2,5,1,3,6,1,6,7,1,5,7,2,5,7,3,6,8,2,7,12,3,4,11,3,8,11,6,7,9,6,8,9,7,9,10,8,9,10,7,10,12,8,10,13,8,11,13,10,12,15,10,13,15,11,13,14,13,14,15,
0.07914375,0.64262084,0.10029239,0.5690858,0.15531866,0.39006673,0.20270595,0.94013007,0.24072607,0.8995213,0.27878753,0.01505634,0.28667754,0.74442313,0.36073082,0.62334285,0.40570565,0.92226382,0.59973338,0.38098661,0.60188204,0.05924563,0.83069599,0.97405799,0.94901834,0.47233309,0.96278058,0.22745464,0.9820559,0.71203602,output,1,2,7,2,3,8,1,4,5,1,5,7,4,5,9,2,7,8,5,7,9,3,6,10,7,8,9,3,8,10,4,9,12,8,9,12,6,10,11,8,10,15,10,11,14,8,12,15,10,13,14,10,13,15,13,14,15,,,,
0.0123642,0.38836175,0.14742756,0.69422713,0.17978342,0.60617381,0.18231461,0.53849094,0.20056731,0.4665248,0.34527415,0.88603038,0.35249292,0.72045999,0.38081662,0.06794644,0.5052703,0.73958589,0.59567732,0.94250329,0.63815437,0.7923046,0.75427668,0.90785182,0.76844821,0.31189334,0.79181483,0.32638334,0.97530069,0.6062065,output,1,2,3,1,5,8,1,3,4,1,4,5,2,3,7,3,4,7,4,5,7,2,6,7,5,7,9,6,7,9,5,8,13,5,9,13,6,9,10,9,10,11,9,11,14,10,11,12,11,12,15,8,13,14,9,13,14,11,14,15,
0.14866599,0.42751031,0.18204341,0.24015261,0.22878026,0.28828016,0.25511285,0.39178276,0.29261864,0.32968519,0.29539519,0.74835121,0.3503365,0.27175388,0.37699911,0.55462385,0.45153036,0.32342843,0.45528723,0.59772417,0.49304332,0.87598631,0.55283354,0.15103932,0.57992053,0.37388075,0.72388127,0.95606955,0.80109256,0.59774313,output,1,2,3,1,3,4,2,3,7,1,4,8,3,4,5,3,5,7,1,6,8,4,5,9,2,7,12,4,8,9,5,7,9,6,8,10,6,10,11,7,9,12,8,10,13,8,9,13,9,12,13,10,11,15,10,13,15,12,13,15,11
0.04987445,0.58931689,0.06979907,0.03096699,0.07703029,0.44603517,0.20500282,0.14220393,0.21902871,0.36514436,0.24096756,0.95474923,0.26170211,0.00958607,0.55224157,0.70643679,0.57466147,0.13759639,0.64804475,0.06770177,0.67748608,0.04636392,0.67949751,0.12821706,0.73780506,0.84005399,0.83849634,0.0161537,0.88300333,0.18154769,output,1,2,3,1,3,5,2,3,4,3,4,5,2,4,7,1,5,8,1,6,8,4,5,9,4,7,9,5,8,9,6,8,13,7,9,10,8,9,12,9,10,12,7,10,11,10,11,12,7,11,14,8,13,15,11,12,14,8,12,15,12
0.00370319,0.38842966,0.110463,0.20758942,0.18743375,0.59267494,0.26674276,0.04788695,0.35632699,0.79871143,0.44371196,0.62626387,0.45668818,0.92751987,0.46088954,0.21100225,0.61779895,0.43883111,0.6674589,0.97631046,0.7166507,0.09400951,0.84012384,0.02932397,0.90988475,0.56554178,0.93720415,0.80941305,0.97728629,0.19846226,output,1,2,3,1,3,5,2,3,8,2,4,8,3,5,6,1,5,7,3,6,8,5,6,7,4,8,11,6,7,10,6,8,9,8,9,11,6,9,13,6,10,14,4,11,12,9,11,15,11,12,15,6,13,14,9,13,15,13,14,15,
0.13511655,0.74374036,0.19658002,0.64470594,0.21879797,0.39623531,0.37060014,0.79279526,0.4102516,0.1592882,0.44161707,0.65635428,0.52811511,0.01517063,0.54485307,0.27676471,0.56312688,0.36907362,0.57657705,0.9226045,0.68812966,0.28192425,0.82237864,0.68785509,0.82490544,0.33032758,0.90932326,0.86328806,0.93468911,0.88225248,output,1,2,3,1,2,4,2,3,6,2,4,6,1,4,10,3,6,9,3,5,8,4,6,10,5,7,8,3,8,9,8,9,11,6,9,12,7,8,11,6,10,12,9,11,13,7,11,13,9,12,13,10,12,14,12,13,15,10,14,15,12
0.06121616,0.09202277,0.06308535,0.67384467,0.07820357,0.16826066,0.17601844,0.53599084,0.28486948,0.68418682,0.29308832,0.24698673,0.31384596,0.28164259,0.35064162,0.09262918,0.37247074,0.2400925,0.51182768,0.95582054,0.56627927,0.66539213,0.60431784,0.37753568,0.61201675,0.75008286,0.65491156,0.26810249,0.86567548,0.44973914,output,1,2,3,1,3,8,2,3,4,2,4,5,3,4,6,4,5,7,2,5,10,3,6,8,4,6,7,6,7,9,6,8,9,7,9,12,5,7,12,8,9,14,5,10,11,5,11,12,10,11,13,9,12,14,11,13,15,10,13,15,12
0.06471638,0.70109844,0.09283735,0.04406945,0.26348991,0.12754632,0.42715399,0.96173117,0.46378463,0.56505286,0.52101911,0.09188176,0.52134928,0.69766745,0.53236541,0.07130729,0.61413244,0.68162935,0.76772971,0.75646602,0.81023465,0.36035583,0.876374,0.34739896,0.89457993,0.62216433,0.89571962,0.60611347,0.92275818,0.35951779,output,1,2,3,2,3,8,1,3,5,1,4,7,3,5,6,1,5,7,3,6,8,6,8,11,5,7,9,4,7,9,5,9,11,5,6,11,4,9,10,9,10,13,9,11,14,8,11,12,11,14,15,11,12,15,8,12,15,9,13,14,13
0.09584335,0.17737145,0.17437145,0.7868101,0.20340425,0.38552337,0.33082545,0.85086299,0.3366428,0.7543536,0.34305353,0.27431153,0.34645326,0.17562014,0.41027483,0.23679436,0.43885895,0.18227255,0.48586915,0.91819221,0.72470644,0.57380761,0.72585468,0.54611799,0.77287765,0.58799769,0.77607237,0.96564981,0.84145723,0.16545658,output,1,2,3,1,3,6,2,3,5,3,5,6,2,4,5,1,6,7,2,4,10,1,7,15,4,5,10,6,7,8,7,8,9,6,8,12,7,9,15,8,9,12,5,6,12,5,10,11,10,11,14,9,12,15,5,11,12,11,12,13,11
0.01668145,0.33952263,0.02709181,0.72648739,0.05150389,0.78583162,0.17385386,0.13392997,0.31230975,0.21605311,0.43596381,0.83893488,0.45886638,0.7133144,0.61811611,0.33413144,0.67464411,0.80975173,0.67884907,0.61882317,0.71451433,0.18910074,0.76685801,0.21496351,0.95984675,0.1343155,0.96901879,0.57056612,0.99707626,0.16987105,output,2,3,7,1,2,7,1,4,5,1,5,7,4,5,11,3,6,7,5,7,8,6,7,9,5,8,11,7,8,10,7,9,10,4,11,13,8,11,12,9,10,14,8,10,14,8,12,14,11,12,13,12,14,15,12,13,15,,,,
0.14701364,0.70086937,0.18097255,0.45105626,0.29925884,0.64083285,0.30319718,0.75231187,0.35021005,0.16246378,0.41603399,0.88052017,0.52357273,0.4742597,0.59867156,0.1827108,0.61143915,0.48732866,0.61839568,0.14421491,0.64104259,0.85581525,0.76760025,0.08694329,0.7724965,0.25736104,0.81325421,0.10245621,0.95767432,0.2310488,output,1,2,3,1,3,4,1,4,6,2,3,7,3,4,6,2,5,7,3,6,7,5,7,8,6,7,11,7,8,9,7,9,11,5,8,10,5,10,12,8,10,13,8,9,13,9,11,15,10,12,13,12,13,14,9,13,15,13,14,15,
0.04335229,0.79227853,0.15163872,0.21987937,0.20116489,0.05440954,0.21206086,0.06867112,0.30916215,0.21184138,0.31419012,0.52893568,0.41341553,0.90387792,0.55019897,0.99230423,0.61763974,0.61476354,0.68694061,0.96984094,0.7115039,0.44475243,0.7383766,0.52303269,0.80651592,0.06025165,0.8110948,0.00188414,0.98861419,0.71837235,output,1,2,6,2,3,4,3,4,14,2,4,5,2,5,6,1,6,7,4,5,14,1,7,8,5,6,11,6,7,9,7,8,9,6,9,11,8,9,10,5,11,13,9,11,12,9,12,15,11,12,15,9,10,15,5,13,14,11,13,15,13
0.24909198,0.06508644,0.26858956,0.29384374,0.27371516,0.15432379,0.32518301,0.57500323,0.35485049,0.44819167,0.38106532,0.39712834,0.44734429,0.16558215,0.5362048,0.33130712,0.5696014,0.70907012,0.5811997,0.74276575,0.63351044,0.84362676,0.82477906,0.63602841,0.86663425,0.93509316,0.96048119,0.01125502,0.96412718,0.04068047,output,1,2,3,1,3,7,2,3,7,2,4,5,2,6,7,2,5,6,4,5,9,5,6,8,1,7,14,6,7,8,5,8,9,4,9,10,7,8,15,4,10,11,9,10,12,10,11,12,8,9,12,8,12,15,11,12,13,12,13,15,7
0.08572727,0.17038932,0.10042847,0.14622295,0.24881248,0.85489244,0.35045314,0.45998728,0.36319989,0.49079293,0.37896242,0.91814365,0.39468009,0.19776609,0.49427858,0.5532278,0.52615134,0.49807793,0.60618473,0.65582185,0.63988497,0.53121026,0.67938393,0.03328727,0.7951065,0.95366062,0.81251621,0.18255249,0.9378616,0.72259156,output,1,2,7,1,3,4,1,4,7,3,6,8,3,4,5,4,5,9,2,7,12,3,5,8,4,7,9,5,8,9,6,8,10,8,9,11,7,9,14,8,10,11,6,10,13,9,11,14,7,12,14,10,11,15,11,14,15,10,13,15,
0.05522988,0.49787134,0.12303262,0.26587163,0.22579203,0.95225953,0.37169151,0.77588066,0.40067176,0.05834539,0.44832113,0.76254345,0.4754637,0.02098568,0.54879435,0.70151503,0.58159294,0.07447563,0.69250579,0.11608061,0.78416398,0.54906779,0.82479895,0.09540205,0.91301505,0.42988133,0.94781995,0.80095425,0.96783657,0.43836667,output,1,2,8,1,3,4,2,5,8,3,4,6,1,4,8,4,6,8,3,6,14,5,7,9,5,8,9,6,8,14,7,9,12,9,10,11,8,9,11,9,10,12,8,11,14,10,12,13,10,11,13,11,14,15,11,13,15,12,13,15,
0.15479352,0.50420914,0.30770003,0.89763711,0.34933476,0.34775079,0.35158695,0.98463372,0.4512402,0.12552483,0.46144504,0.1784635,0.62006979,0.91122203,0.65861613,0.70428758,0.78331302,0.43669289,0.85973435,0.41907991,0.86883094,0.74413791,0.88942712,0.96259679,0.91783294,0.67497317,0.93670853,0.88487538,0.97865727,0.2953678,output,1,3,5,1,3,8,1,2,8,2,4,7,3,5,6,3,6,9,5,6,15,2,7,8,4,7,12,3,8,9,7,8,11,6,9,15,8,9,13,7,11,12,9,10,13,9,10,15,8,11,13,11,13,14,11,12,14,10,13,15,13
0.2166085,0.60798094,0.25750462,0.12245782,0.33397997,0.60448203,0.37753416,0.90377953,0.38023472,0.21923591,0.41798955,0.83169881,0.49071609,0.96815275,0.50047926,0.37941372,0.52043009,0.43742271,0.61298183,0.4266705,0.63344626,0.5098383,0.63611823,0.62043736,0.74242119,0.20372781,0.88295682,0.00129264,0.91016776,0.04493724,output,1,3,5,1,3,6,1,2,5,1,4,6,2,5,14,4,6,7,3,5,8,3,6,12,6,7,12,3,8,9,3,9,12,5,8,13,8,9,10,8,10,13,9,10,11,9,11,12,10,11,13,7,12,15,11,12,15,5,13,14,11
0.11270364,0.27191288,0.12809729,0.8134249,0.21426519,0.05572686,0.27722526,0.7014525,0.36869642,0.6792387,0.5891134,0.59130369,0.60589453,0.17554711,0.64477347,0.54835859,0.74272217,0.62463978,0.75656121,0.01946831,0.76963032,0.2803503,0.77323049,0.11210729,0.90261309,0.71443482,0.90744736,0.65742493,0.91350036,0.79493576,output,1,2,4,1,3,7,2,4,5,1,4,5,2,5,15,1,5,6,1,6,7,3,7,10,5,6,9,6,7,8,6,8,9,7,8,11,8,9,11,7,11,12,5,9,15,7,10,12,10,12,14,11,12,14,9,11,14,9,13,15,9
0.00132014,0.36703401,0.00206237,0.83246346,0.01177854,0.4046122,0.02578672,0.17228546,0.20413158,0.76671892,0.43175703,0.83367432,0.52473952,0.63249925,0.66159625,0.54013774,0.6787078,0.62701855,0.68182536,0.38141357,0.74519019,0.79408931,0.76000155,0.77525506,0.76803832,0.0972856,0.85499215,0.44674678,0.86734339,0.6325169,output,1,2,3,1,3,4,2,3,5,3,4,10,2,5,6,3,5,7,5,6,7,3,7,10,6,7,11,4,10,13,7,8,10,7,8,9,7,9,11,8,9,15,8,10,14,9,11,12,10,13,14,9,12,15,8,14,15,,,,
0.04256493,0.4860438,0.0435054,0.21958049,0.11177701,0.28421663,0.41574381,0.79883511,0.49509658,0.36651708,0.49953877,0.04000323,0.5132354,0.61849729,0.55127799,0.34793623,0.60884857,0.76414648,0.6254982,0.70880526,0.65469815,0.89254299,0.68826053,0.28212986,0.89713509,0.57178246,0.90544577,0.03424922,0.94232957,0.69929452,output,1,2,3,2,3,6,1,3,5,3,5,6,1,4,7,1,5,7,4,7,9,5,7,8,5,6,8,4,9,11,6,8,12,7,9,10,9,10,11,7,8,13,7,10,13,8,12,13,6,12,14,10,11,15,12,13,14,10,13,15,13
0.013748,0.51011455,0.02231118,0.75829014,0.12299259,0.2398608,0.12574719,0.79047787,0.18340986,0.43492344,0.28001743,0.21585615,0.32794866,0.55259643,0.35610039,0.65016998,0.46251263,0.49382908,0.58841634,0.32024885,0.6025952,0.75278936,0.75583404,0.52626302,0.75901258,0.3911812,0.79321914,0.56743924,0.90682042,0.26655718,output,1,2,4,1,3,5,1,4,7,1,5,7,3,5,6,5,6,9,4,7,8,5,7,9,4,8,11,7,8,9,8,9,11,6,9,10,9,10,12,6,10,15,9,11,12,10,12,13,10,13,15,11,12,14,12,13,14,13,14,15,
0.34120826,0.42495707,0.34319337,0.81479022,0.36648186,0.97099646,0.3791302,0.09293207,0.38947315,0.78258946,0.41168081,0.89596993,0.41914581,0.21185054,0.50244682,0.15566557,0.5963878,0.63399712,0.63665686,0.29013217,0.66223622,0.17549541,0.76247164,0.40538118,0.85829099,0.9350263,0.90459129,0.75207801,0.91279332,0.58443512,output,1,2,5,2,5,6,2,3,6,1,4,7,3,6,13,5,6,9,4,7,8,1,5,9,1,7,10,7,8,10,4,8,11,1,9,10,6,9,13,8,10,11,10,11,12,9,10,12,9,12,15,11,12,15,9,13,14,9,14,15,
0.06671321,0.63859329,0.12438474,0.30585236,0.28484112,0.88950946,0.31844893,0.8953682,0.42436014,0.9592129,0.45480301,0.44517498,0.45947488,0.80279401,0.57842285,0.05274391,0.66781103,0.43281591,0.78993485,0.19196153,0.8386819,0.11866787,0.86873841,0.0174763,0.88300397,0.0049839,0.92845308,0.26221335,0.97989244,0.44887155,output,1,2,6,1,3,7,3,4,7,3,4,5,1,6,7,2,6,8,4,5,7,5,7,15,6,7,9,6,8,9,8,9,10,7,9,15,8,10,11,8,11,12,9,10,14,10,11,14,8,12,13,11,13,14,11,12,13,9,14,15,13
0.01553349,0.46604016,0.13878719,0.00827696,0.19917293,0.97517611,0.23652117,0.12476277,0.29261163,0.75486822,0.34134759,0.82747168,0.44316838,0.67910077,0.4621886,0.46607387,0.55334312,0.25809243,0.55419213,0.54522302,0.57411266,0.5354593,0.70540861,0.82063244,0.7115682,0.89620315,0.91100304,0.95413852,0.9582353,0.44078604,output,1,2,4,1,3,5,1,4,8,2,4,9,1,5,8,3,5,6,5,6,7,3,6,13,5,7,8,4,8,9,6,7,12,7,8,10,8,9,11,7,10,12,8,10,11,2,9,15,10,11,12,9,11,15,6,12,13,3,13,14,11
0.00021164,0.09098127,0.02594463,0.9855093,0.24373732,0.9748236,0.29185381,0.47886445,0.42255828,0.36984074,0.43673416,0.04539513,0.46889634,0.67393115,0.63261232,0.19441659,0.78972336,0.08138301,0.83611736,0.35573257,0.85717933,0.3126173,0.91703427,0.09671688,0.92891227,0.15981056,0.97738205,0.10402296,0.99848827,0.2036132,output,1,2,4,2,3,4,1,4,5,1,5,6,3,4,7,4,5,7,3,7,10,5,6,8,5,7,10,6,8,9,5,8,10,8,9,11,8,10,11,3,10,15,10,11,15,9,11,13,9,12,13,12,13,14,11,13,15,13,14,15,
0.0207286,0.68240033,0.07931224,0.17433693,0.08245767,0.03848482,0.09095013,0.55410857,0.09137126,0.38096606,0.10148577,0.42567534,0.21800082,0.23243315,0.24478509,0.52309348,0.29266378,0.00642776,0.33271791,0.03272667,0.5749592,0.32839328,0.58350458,0.99331161,0.60993875,0.68693642,0.77549846,0.4264796,0.84517481,0.95564163,output,1,4,5,1,2,5,1,2,3,4,5,6,5,6,7,1,4,8,2,3,7,2,5,7,4,6,8,6,7,8,3,7,9,1,8,12,7,9,10,7,8,11,7,10,11,8,11,13,8,12,13,10,11,14,11,13,14,12,13,15,13
0.03548321,0.15099764,0.0793035,0.54577545,0.28716546,0.1977539,0.31755167,0.02932051,0.4230576,0.86384671,0.51119338,0.08720643,0.51478739,0.9995269,0.56084396,0.65373081,0.56343576,0.53739521,0.57083667,0.30504004,0.63283288,0.46982552,0.64162618,0.35526803,0.75084221,0.23407577,0.94610005,0.44259154,0.97486183,0.58591622,output,1,2,3,1,3,4,2,3,9,3,4,6,2,5,8,2,5,7,3,6,10,5,7,8,3,9,10,2,8,9,8,9,11,9,10,11,6,10,13,10,11,12,10,12,13,7,8,15,8,11,15,11,12,14,12,13,14,11,14,15,
0.11700944,0.05330267,0.12970501,0.42176087,0.14342408,0.2015869,0.20557742,0.41895666,0.25392395,0.79665311,0.2826421,0.67186165,0.30818041,0.05373288,0.36167392,0.10181275,0.39614506,0.46518561,0.56714258,0.85129089,0.59391614,0.48866707,0.62484708,0.32414021,0.6283412,0.69526344,0.75298397,0.44034722,0.82452821,0.52364155,output,1,2,3,2,3,4,1,3,7,2,4,6,3,4,8,2,5,6,4,6,9,3,7,8,4,8,9,5,6,10,7,8,12,6,9,13,8,9,12,6,10,13,9,11,13,9,11,12,10,13,15,11,12,14,11,13,15,11,14,15,
0.09301443,0.86275856,0.11782201,0.29490497,0.22796909,0.81375901,0.23406965,0.82697023,0.31379584,0.76324284,0.35928446,0.55724786,0.39963464,0.09296037,0.40886096,0.82768754,0.44227153,0.76440044,0.67557515,0.02508206,0.70255656,0.92173085,0.72710495,0.70744114,0.77718028,0.30291619,0.9608848,0.66163343,0.99106566,0.57998282,output,1,2,3,1,3,4,1,4,8,3,4,5,2,3,6,2,6,7,3,5,6,4,5,8,5,6,9,5,8,9,1,8,11,8,9,11,6,9,12,6,7,13,7,10,13,6,12,13,9,11,12,11,12,14,10,13,15,12,13,15,12
0.0208077,0.89973933,0.03710288,0.72629519,0.30053338,0.16102235,0.33041198,0.86104045,0.41667155,0.74164561,0.42559635,0.45269566,0.43277989,0.25159598,0.46218802,0.72251343,0.50512043,0.14490183,0.53809537,0.48362606,0.69114372,0.4122737,0.88962126,0.47038859,0.89976179,0.12281755,0.9462165,0.42938751,0.95411174,0.74365729,output,1,2,4,2,3,6,2,4,5,2,5,6,3,6,7,3,7,9,4,5,8,5,6,8,6,7,10,6,8,10,4,8,15,7,9,11,7,10,11,8,10,15,10,11,15,9,11,13,11,12,15,11,13,14,11,12,14,12,14,15,
0.27055589,0.18569232,0.31796129,0.74920886,0.33047314,0.91238666,0.35721978,0.08021502,0.49161718,0.95427896,0.57030182,0.13557934,0.58621588,0.24657622,0.61122823,0.40938998,0.61385787,0.26272963,0.68445634,0.09764018,0.79244824,0.04556089,0.82509395,0.61360494,0.87087671,0.64728912,0.87288986,0.96937629,0.90204743,0.86231468,output,1,2,3,1,4,7,2,3,5,1,2,8,2,5,12,1,7,8,4,6,7,4,6,10,6,7,9,7,8,9,6,9,10,2,8,12,8,9,12,4,10,11,9,10,11,9,11,12,5,12,15,5,14,15,11,12,13,12,13,15,11
0.05633297,0.79378319,0.23337751,0.77676252,0.32751639,0.92003624,0.3495101,0.81028324,0.35068019,0.79454938,0.40241775,0.16067692,0.42305642,0.79231722,0.58146698,0.04435858,0.67627021,0.65410497,0.71521644,0.8577059,0.7178166,0.79320026,0.81063284,0.33299221,0.81739447,0.71591949,0.96928027,0.32782089,0.97119792,0.39021887,output,1,2,6,1,2,3,2,5,6,2,3,4,2,4,5,4,5,7,3,4,7,5,6,7,3,7,10,6,7,9,6,8,12,7,9,11,6,9,12,7,10,11,10,11,13,9,11,13,9,12,13,8,12,14,12,13,15,12,14,15,
0.03048606,0.14445484,0.09190104,0.45677288,0.11772717,0.73273533,0.20205727,0.24131707,0.32910473,0.07444646,0.45716948,0.21855686,0.48845613,0.20118039,0.58440364,0.37908594,0.67432276,0.53101736,0.69295289,0.59515299,0.70194856,0.76084641,0.73512676,0.88456039,0.7415797,0.50041673,0.80677538,0.04588429,0.8762258,0.15500803,output,1,2,3,1,2,4,1,4,5,2,3,8,2,4,8,4,5,6,4,6,8,5,6,7,6,7,8,5,7,14,3,8,9,7,8,15,3,10,11,3,9,10,3,11,12,8,9,13,9,10,13,8,13,15,10,11,13,11,12,13,12
0.00114182,0.26686991,0.00240715,0.5169006,0.04050493,0.47258163,0.05283887,0.06145933,0.1213355,0.60879255,0.178106,0.07399103,0.23407547,0.4229923,0.2448282,0.83430685,0.37302203,0.6050736,0.42814782,0.11389894,0.50616704,0.55572883,0.5346644,0.08073853,0.71135462,0.87496625,0.72859371,0.8524004,0.7552849,0.06711259,output,1,2,3,2,3,5,1,4,6,1,3,7,2,5,8,3,5,7,1,6,7,4,6,12,5,7,9,5,8,9,6,7,10,7,10,11,7,9,11,8,9,13,6,10,12,10,11,12,9,11,13,4,12,15,11,12,15,11,14,15,11
0.1030353,0.06341921,0.17023116,0.09319741,0.27415926,0.81309457,0.33913096,0.58347346,0.38383465,0.85752657,0.38858804,0.28989956,0.50654742,0.26106723,0.61864937,0.80274235,0.67984436,0.37193836,0.74078773,0.51946341,0.76913228,0.12305123,0.79727324,0.42685192,0.83054477,0.08334748,0.91978305,0.67502604,0.9602181,0.26403731,output,1,2,4,1,2,13,1,3,4,2,4,6,3,4,5,2,6,7,4,6,7,4,5,8,2,7,11,4,7,9,4,8,10,7,9,11,4,9,10,9,11,12,9,10,12,2,11,13,8,10,14,10,12,14,11,13,15,11,12,15,12
0.011993,0.05195614,0.0173952,0.91906707,0.02024955,0.88049929,0.03515148,0.68370565,0.19728135,0.80175178,0.34993249,0.69651374,0.39830842,0.14599197,0.45250318,0.9186605,0.51286673,0.2184282,0.60800416,0.08163813,0.72798779,0.35966636,0.84458072,0.42750728,0.88164483,0.9702594,0.95755563,0.48123961,0.98443852,0.66756007,output,1,2,3,1,3,4,2,3,5,3,4,5,1,4,7,4,5,6,2,5,8,4,6,7,5,6,8,1,7,10,6,7,9,2,8,13,6,8,12,7,9,10,6,9,11,9,10,11,6,11,12,10,11,12,8,13,15,8,12,15,10
0.10225348,0.36018523,0.20300055,0.68948986,0.27522027,0.34093586,0.39182493,0.06330744,0.48294164,0.82708068,0.50074991,0.0354232,0.52370949,0.37420736,0.53013389,0.18889282,0.54799964,0.48044764,0.8302384,0.1142963,0.84866645,0.3309048,0.8495717,0.58210386,0.87016463,0.40186692,0.88605518,0.03955884,0.97744002,0.25300714,output,1,2,3,1,3,4,2,3,9,2,5,9,3,4,8,3,7,8,4,6,8,3,7,9,6,8,10,7,9,11,7,8,11,5,9,12,8,10,11,9,12,13,6,10,14,9,11,13,10,14,15,11,13,15,12,13,15,10,11,15,
0.03852741,0.70919785,0.05179778,0.72003994,0.05425818,0.73695013,0.13307041,0.31236548,0.23922501,0.84393526,0.29764014,0.65797626,0.48874311,0.17961159,0.59935301,0.53917812,0.62184661,0.4953034,0.62289199,0.14200693,0.67627366,0.81237857,0.67816653,0.5477318,0.68691249,0.69639511,0.78433698,0.57442649,0.85868227,0.74860759,output,1,2,3,1,2,6,2,3,6,1,4,6,3,5,6,4,6,7,5,6,11,6,7,8,7,9,10,6,8,13,7,8,9,8,9,12,6,11,13,8,12,13,9,10,14,9,12,14,12,13,14,11,13,15,13,14,15,10,14,15,
0.00525642,0.88127232,0.06670271,0.54501782,0.15712529,0.41994076,0.28191244,0.73504792,0.29933907,0.11724471,0.36530593,0.50063877,0.375961,0.07637615,0.50496392,0.13178967,0.57218997,0.1801767,0.7397748,0.91421615,0.74820607,0.44407942,0.83369036,0.94199504,0.84669235,0.58551288,0.85112779,0.31151319,0.91374011,0.68653975,output,1,2,4,2,3,5,2,3,6,2,4,6,3,5,6,1,4,10,5,7,8,5,6,8,4,6,10,6,8,9,6,9,11,8,9,14,6,10,13,6,11,13,1,10,12,9,11,14,11,13,14,10,12,15,10,13,15,13,14,15,
0.01095998,0.98248497,0.02968366,0.10769522,0.15524532,0.24183362,0.25754645,0.46756837,0.28083004,0.18291102,0.30058881,0.98913184,0.32831445,0.31258494,0.38138214,0.98002665,0.389568,0.19727848,0.68075671,0.70536349,0.6847244,0.4211354,0.70037116,0.85429122,0.82252155,0.95342641,0.9002657,0.16173418,0.9694289,0.02860557,output,1,2,3,2,3,5,1,3,4,1,4,6,3,5,7,3,4,7,2,5,15,5,7,9,4,6,8,4,7,11,6,8,13,5,9,15,7,9,11,4,8,10,4,10,11,8,10,12,9,11,14,8,12,13,10,12,13,10,11,14,10
0.02093958,0.2700778,0.02515401,0.25796078,0.17202699,0.61229409,0.25467231,0.50407697,0.31762195,0.77632399,0.32382615,0.91587568,0.44897758,0.90764567,0.46037614,0.57045427,0.50485026,0.45755441,0.51396406,0.10226067,0.54478491,0.23496571,0.62806856,0.23586798,0.68428867,0.42334355,0.74351623,0.97524046,0.85290013,0.47176482,output,1,2,4,1,3,4,3,4,5,2,4,11,3,5,6,4,5,8,5,6,7,5,7,8,4,8,9,6,7,14,4,9,11,2,10,11,8,9,13,7,8,14,10,11,12,9,11,13,11,12,13,10,12,15,8,14,15,8,13,15,12
0.12847147,0.29124201,0.25250181,0.54458139,0.30086326,0.62357199,0.33835001,0.05575799,0.51864234,0.40694253,0.56846304,0.63331719,0.6210746,0.2239857,0.62524987,0.41394595,0.63002404,0.58506158,0.70320418,0.44077696,0.74484148,0.55201274,0.75059116,0.78560546,0.77190948,0.07131788,0.80384582,0.4640727,0.94467278,0.45352059,output,1,2,5,2,3,5,1,4,5,3,5,6,4,5,7,3,6,12,5,7,8,5,6,9,5,8,9,4,7,13,6,9,12,7,8,10,8,9,10,9,10,11,9,11,12,7,13,14,7,10,14,10,11,14,11,12,15,11,14,15,13
0.04159656,0.15578214,0.203733,0.91372704,0.20519699,0.31612714,0.3417072,0.73440887,0.37976703,0.70207479,0.47245973,0.13390476,0.55541955,0.79646671,0.55760632,0.68767979,0.60307575,0.25277039,0.66694854,0.57766607,0.72693528,0.92874987,0.74699959,0.5014776,0.85729841,0.41221559,0.94649823,0.80703068,0.96393409,0.69671428,output,1,2,3,1,3,6,2,3,4,3,4,5,2,4,7,4,5,7,3,5,9,3,6,9,5,7,8,2,7,11,5,8,10,5,9,10,7,8,10,6,9,13,7,10,11,9,10,12,10,12,15,9,12,13,10,11,14,12,13,15,10
0.02923877,0.28205529,0.04860957,0.74395957,0.06858907,0.87314889,0.21714219,0.27199467,0.26836549,0.80370423,0.28631582,0.48776259,0.29885481,0.75732648,0.36968348,0.97139909,0.41575119,0.30246217,0.47082388,0.4137544,0.49705241,0.19198355,0.54830461,0.21997261,0.56868541,0.07390756,0.74622569,0.93350037,0.85790601,0.18372453,output,2,3,5,1,2,6,1,4,6,1,4,13,2,6,7,3,5,8,2,5,7,5,7,8,4,6,9,6,7,10,4,9,11,6,9,10,7,8,14,9,10,12,7,10,14,4,11,13,9,11,12,11,12,13,10,12,15,12,13,15,10
0.03426509,0.73010887,0.03492581,0.99604253,0.13090235,0.64778351,0.31688924,0.34046032,0.35106795,0.86936177,0.46213499,0.92749328,0.47689757,0.46314863,0.47802498,0.16033652,0.57695895,0.69067659,0.73226813,0.09174971,0.75503028,0.6272682,0.77120058,0.25506899,0.86895581,0.89863328,0.88665316,0.51763823,0.88665462,0.19564202,output,1,3,4,1,2,5,1,3,5,3,5,7,3,4,7,2,5,6,4,7,8,5,6,9,2,6,13,5,7,9,7,8,12,7,9,11,6,9,13,7,11,12,8,10,12,9,11,13,10,12,15,11,12,14,11,13,14,12,14,15,
0.08208438,0.75056152,0.12932849,0.81471881,0.22893737,0.74444033,0.23108023,0.98558953,0.24009851,0.99678556,0.34332126,0.19849413,0.45511985,0.70406914,0.52136818,0.49682114,0.64786586,0.40668309,0.64934065,0.81922295,0.66974682,0.74961051,0.76912742,0.69549892,0.78741892,0.31908745,0.93820074,0.77534333,0.98347584,0.57524278,output,1,2,4,1,2,3,1,3,6,2,3,4,4,5,7,3,4,7,3,6,8,3,7,8,5,7,10,7,8,11,6,8,9,8,9,12,7,10,11,6,9,13,5,10,14,10,11,12,8,11,12,9,13,15,10,12,14,9,12,15,12
0.0813812,0.71550236,0.20837896,0.033915,0.386047,0.73810155,0.38701656,0.78293884,0.39988171,0.14871705,0.52381955,0.41795088,0.58484568,0.6632984,0.62660064,0.58517548,0.82377382,0.19134052,0.83229119,0.79624836,0.83505312,0.64806945,0.859683,0.84912241,0.87197404,0.77449756,0.94407029,0.89226184,0.99395933,0.90663249,output,1,2,5,1,3,6,1,3,4,1,5,6,3,4,7,2,5,9,3,6,7,5,6,9,4,7,10,6,7,8,6,8,9,7,8,11,8,9,11,7,10,11,4,10,12,10,11,13,10,12,13,4,12,14,9,11,15,12,13,14,11
0.00065873,0.60762329,0.02192095,0.04023399,0.08288886,0.58629387,0.22520109,0.08109527,0.27729481,0.31708826,0.29406244,0.14719279,0.3715096,0.35617117,0.39968733,0.75749573,0.43079307,0.71509241,0.56694764,0.83570641,0.60986593,0.9223613,0.70969905,0.57084203,0.80614878,0.84640815,0.90772688,0.5184941,0.91517235,0.64673414,output,1,2,3,1,3,8,2,3,5,2,4,5,4,5,6,3,5,7,3,7,9,4,6,14,5,6,7,1,8,11,3,8,9,6,7,14,8,9,10,7,9,12,9,10,12,8,10,11,10,11,13,10,12,13,7,12,14,12,13,15,12
0.03583823,0.25259474,0.09874622,0.7413574,0.12825259,0.60876645,0.14904232,0.55343236,0.19266441,0.87094153,0.49525939,0.40847784,0.58418822,0.84973466,0.58871306,0.50885065,0.61091363,0.06483862,0.67688612,0.3661989,0.67824088,0.44376514,0.83263409,0.00085535,0.8897544,0.13888538,0.93463162,0.00717536,0.9723578,0.42604557,output,1,2,3,2,3,5,1,3,4,3,4,8,1,4,6,3,5,7,1,6,9,3,7,8,4,6,8,6,8,11,6,9,10,7,8,11,6,10,11,10,11,15,9,10,13,7,11,15,9,12,13,10,13,15,12,13,14,13,14,15,
0.16920741,0.00979033,0.29441364,0.28073317,0.33947156,0.81066373,0.41233861,0.124931,0.44550544,0.04818953,0.45475225,0.79349659,0.46943401,0.77642024,0.5559865,0.46123769,0.60787745,0.08685612,0.62380304,0.77823252,0.69888438,0.37773491,0.74988502,0.94225083,0.75002212,0.03587968,0.7890267,0.66813835,0.98388449,0.6475594,output,1,2,3,1,2,4,1,4,5,2,4,8,2,3,8,3,7,8,1,5,13,3,6,12,3,6,7,4,5,9,6,7,10,7,8,10,4,9,11,4,8,11,6,10,12,5,9,13,8,11,14,8,10,14,9,11,13,10,12,14,11
0.17155233,0.18720405,0.43736982,0.16066782,0.48724777,0.91113836,0.65966259,0.61545877,0.66889213,0.31245519,0.68318469,0.91839951,0.74154584,0.06066324,0.74970063,0.07229697,0.80031957,0.3411155,0.88978722,0.31731521,0.92395367,0.40663771,0.94979145,0.64614164,0.95144737,0.06149372,0.98293541,0.99763014,0.99730595,0.43398883,output,1,2,4,1,2,7,1,3,4,2,4,5,3,4,6,2,5,7,3,6,14,4,5,9,5,8,9,5,7,8,7,8,13,4,6,12,4,9,11,8,9,10,4,11,12,8,10,13,6,12,14,9,10,11,10,11,15,10,13,15,11
0.03341684,0.01963728,0.04408331,0.33640662,0.11348608,0.7207524,0.15569401,0.4840259,0.2830896,0.63699174,0.28320213,0.07971127,0.33890545,0.73613085,0.55833337,0.36957974,0.63808296,0.78332403,0.6675896,0.96491686,0.68674181,0.00472642,0.81479916,0.25785574,0.81497044,0.09094005,0.87522119,0.31068484,0.93892301,0.98403169,output,2,3,4,1,2,6,2,4,6,3,4,5,3,5,7,1,6,11,4,5,8,3,7,10,4,6,8,5,7,8,7,8,9,6,8,11,7,9,10,8,9,14,8,11,12,9,10,15,11,12,13,9,14,15,8,12,14,12,13,14,
0.0156941,0.83376854,0.03874109,0.33986163,0.070924,0.38047365,0.07203659,0.3373446,0.08002164,0.9411841,0.12224132,0.26724769,0.30313926,0.44345745,0.32393154,0.72650993,0.62604907,0.52721017,0.75357313,0.96540729,0.79881919,0.1625508,0.93168907,0.93642453,0.93439754,0.37679401,0.94037113,0.89030191,0.94501065,0.84515979,output,1,2,3,2,3,4,2,4,6,3,4,6,1,5,8,3,6,7,1,3,8,3,7,8,6,7,11,5,8,10,7,8,9,8,9,10,7,9,11,9,10,15,9,11,13,9,13,15,10,12,14,10,14,15,,,,,,,
0.07342942,0.22634253,0.09032375,0.81980613,0.19000413,0.57969043,0.201181,0.96526131,0.32776849,0.34837664,0.34974464,0.62694886,0.35035191,0.49627528,0.50847858,0.27637377,0.55144514,0.9000676,0.57216311,0.11904692,0.58593986,0.54023392,0.69354284,0.59634746,0.79083322,0.5343255,0.8155178,0.70045161,0.94837278,0.58079985,output,1,2,3,2,4,6,1,3,5,2,3,6,3,5,7,3,6,7,1,5,10,4,6,9,5,7,8,6,7,11,7,8,11,5,8,10,6,9,11,8,10,13,9,11,12,8,11,13,11,12,13,9,12,14,12,13,14,10,13,15,13
0.06450299,0.15544914,0.06662622,0.53526993,0.19309433,0.74463943,0.35877447,0.72616906,0.37284589,0.52872216,0.57728073,0.91902493,0.61019637,0.3130237,0.67763702,0.3268758,0.68619787,0.28541173,0.71751375,0.00359389,0.71890094,0.51363085,0.78546749,0.57448728,0.79705548,0.46476714,0.89187978,0.59110309,0.98057129,0.25690214,output,1,2,5,2,3,5,3,4,5,3,4,6,1,5,7,4,5,11,4,6,11,1,7,10,5,7,11,7,8,11,7,9,10,7,8,9,8,9,13,6,11,12,8,11,13,11,12,13,9,10,15,6,12,14,9,13,15,12,13,14,13
0.08847671,0.50533855,0.23869351,0.37556855,0.32156678,0.87892391,0.3386036,0.70506344,0.3946128,0.62447332,0.41008364,0.64956281,0.41850555,0.7098839,0.45267164,0.36698344,0.45994355,0.00836166,0.47240617,0.17203751,0.56442813,0.31969992,0.85993656,0.35098641,0.89451584,0.70482643,0.95850654,0.16713178,0.9789372,0.40687179,output,1,2,9,1,2,5,1,3,4,1,4,5,2,5,8,3,4,7,4,5,6,4,6,7,2,8,10,5,6,8,2,9,10,6,7,13,3,7,13,6,8,11,8,10,11,9,10,14,10,11,14,6,11,13,11,12,13,11,12,14,12
0.11371603,0.50730273,0.12554616,0.87631149,0.14357416,0.77070076,0.28634321,0.18987785,0.42142793,0.02634211,0.49583895,0.82651575,0.4992481,0.80631047,0.5246442,0.82289624,0.65773779,0.62084955,0.82364759,0.140771,0.83668833,0.77475137,0.84572353,0.21869051,0.86143896,0.51816721,0.89666654,0.7250331,0.97482187,0.2839104,output,1,2,3,2,3,6,1,3,7,1,4,9,4,5,12,1,7,9,3,6,7,2,6,8,6,7,8,7,8,9,4,9,12,8,9,11,9,12,13,5,10,12,9,13,14,9,11,14,10,12,15,13,14,15,12,13,15,,,,
0.14103414,0.03889043,0.14229963,0.85824941,0.15062116,0.98629847,0.17574438,0.73325809,0.32773856,0.97170447,0.36043386,0.42834071,0.37456574,0.28157032,0.39936815,0.86523819,0.44044108,0.33494447,0.64048174,0.29648471,0.77064539,0.5784731,0.80331676,0.91581496,0.88467061,0.37494709,0.89761029,0.97809147,0.99229595,0.80759133,output,1,2,4,2,3,5,2,4,8,1,4,6,4,6,8,2,5,8,3,5,14,1,6,7,1,7,10,6,7,9,5,8,12,7,9,10,6,9,11,6,8,11,9,10,11,1,10,13,8,11,12,10,11,13,5,12,14,11,13,15,11
0.05585529,0.71766498,0.11158949,0.84158066,0.23372396,0.95531847,0.28275554,0.45670712,0.29945419,0.88309646,0.33887488,0.91441391,0.33957031,0.32575465,0.34243317,0.70041851,0.5132259,0.02021058,0.72442196,0.49779248,0.8099181,0.33463197,0.85421935,0.07486694,0.86183682,0.87193299,0.92180145,0.26374383,0.94807528,0.83363824,output,1,2,8,2,3,5,1,4,8,2,5,8,1,4,7,3,5,6,5,6,8,1,7,9,3,6,13,4,7,10,4,8,10,6,8,13,7,9,11,8,10,13,7,10,11,9,11,12,10,11,15,11,12,14,11,14,15,10,13,15,
0.0203498,0.58369705,0.02445732,0.99486138,0.06408976,0.49117459,0.10737841,0.00075826,0.17149019,0.78347977,0.18683479,0.72281195,0.37388766,0.12279333,0.45037604,0.02466556,0.55837871,0.30590214,0.56165943,0.95081711,0.62224932,0.74199,0.8047217,0.32198155,0.83129783,0.65960146,0.9964167,0.27656282,0.99771965,0.59151615,output,1,3,4,1,3,6,1,2,5,1,5,6,3,4,7,2,5,10,5,6,10,3,6,9,4,7,8,3,7,9,7,8,9,6,9,11,6,10,11,8,9,12,10,11,13,9,11,13,9,12,13,8,12,14,10,13,15,12,13,15,12
0.18405439,0.59410583,0.19008452,0.96751732,0.21632107,0.65034192,0.22372475,0.2259191,0.25322447,0.420985,0.3211213,0.43784201,0.42664142,0.90534921,0.4572104,0.03372196,0.4974357,0.21241119,0.51879768,0.62776874,0.55446266,0.41430754,0.93959596,0.54394797,0.97157039,0.31245238,0.97377773,0.81564213,0.98965731,0.6504129,output,1,2,3,1,3,6,1,4,5,1,5,6,4,5,6,2,3,7,4,6,9,3,6,10,3,7,10,4,8,9,2,7,14,6,9,11,6,10,11,8,9,13,7,10,14,9,11,13,10,11,12,11,12,13,10,12,15,10,14,15,12
0.1283648,0.1989903,0.27104949,0.77633445,0.27608463,0.15190722,0.28208163,0.46083482,0.40299937,0.04846205,0.40811768,0.8949254,0.42538282,0.04511363,0.44070514,0.16057659,0.57685217,0.29910996,0.61278428,0.35929156,0.75999641,0.22013526,0.80054986,0.49235631,0.86587012,0.01452747,0.91051634,0.82413384,0.98733754,0.48221758,output,1,3,4,1,2,4,1,3,5,3,4,8,2,4,10,2,6,10,3,5,8,5,7,8,4,8,9,7,8,11,4,9,10,8,9,11,9,10,11,6,10,12,10,11,12,7,11,13,6,12,14,11,13,15,11,12,15,12,14,15,
0.07448557,0.00979063,0.08832233,0.68231231,0.08912171,0.78411203,0.1356679,0.20498322,0.2067648,0.59686267,0.29862684,0.76534029,0.50659404,0.74232364,0.75218207,0.33428403,0.76582773,0.98739227,0.78754671,0.02182875,0.80188241,0.8931445,0.80682335,0.42409095,0.82750382,0.69817901,0.85263727,0.55177736,0.88259913,0.73999099,output,1,2,3,1,2,4,2,3,6,2,4,5,2,5,6,1,4,10,3,6,9,4,5,8,5,6,7,5,7,8,6,7,9,4,8,10,7,11,13,7,9,11,7,8,12,8,10,12,7,13,14,7,12,14,9,11,15,10,12,14,11
0.11546285,0.94381366,0.13816149,0.31043901,0.18521939,0.59102439,0.2226313,0.36909528,0.32871506,0.64141241,0.44414436,0.15685154,0.45189657,0.74177674,0.5317484,0.0304908,0.64675252,0.11363188,0.73484764,0.87269492,0.75761097,0.07084744,0.75888258,0.91304089,0.76873931,0.65189572,0.79000758,0.84052815,0.90389986,0.50836635,output,1,2,3,2,3,4,2,4,6,1,3,5,3,4,5,4,5,6,1,5,7,2,6,8,1,7,12,5,7,13,5,6,13,6,8,9,6,9,13,8,9,11,7,10,13,9,11,15,7,10,12,10,12,14,10,13,14,13,14,15,9
0.01993574,0.76447324,0.04992199,0.06355553,0.06141496,0.59585664,0.17531046,0.47471617,0.21331084,0.70622126,0.30740384,0.73986973,0.34783289,0.82071967,0.45761148,0.98355963,0.52177476,0.12857951,0.58556612,0.73251286,0.59331551,0.73886677,0.73940935,0.38731949,0.8436563,0.00185768,0.87797634,0.57791928,0.94264697,0.74820949,output,1,2,3,1,3,5,2,3,4,3,4,5,1,5,7,2,4,9,4,5,6,5,6,7,1,7,8,4,6,10,6,7,10,7,8,10,4,9,12,2,9,13,4,10,12,8,10,11,10,11,14,8,11,15,9,12,13,10,12,14,12
0.00908011,0.2910099,0.08115677,0.23701094,0.19699339,0.33715001,0.24376471,0.32957495,0.40471567,0.82989156,0.43530877,0.83846652,0.4392747,0.85218451,0.66924321,0.00577394,0.70192136,0.30845268,0.750644,0.65429189,0.75461692,0.14468919,0.80781444,0.17710274,0.8549145,0.6357104,0.85606753,0.76674788,0.92061613,0.05123898,output,1,2,3,1,3,5,2,3,4,3,4,5,2,4,8,5,6,7,5,6,10,6,7,10,4,5,10,4,8,9,4,9,10,8,9,11,7,10,14,9,12,13,9,11,12,8,11,15,9,10,13,11,12,15,10,13,14,12,13,15,13
0.01442043,0.73285843,0.02242687,0.90957333,0.22401098,0.95662212,0.24252256,0.57967896,0.29694307,0.70788363,0.29800649,0.69186579,0.38050708,0.37030076,0.49218218,0.97071097,0.52036498,0.0434634,0.66758608,0.99341033,0.66842256,0.40500016,0.68801487,0.11568552,0.8155629,0.25754093,0.84433912,0.65175866,0.931125,0.99670496,output,1,2,3,1,3,5,1,4,5,1,4,7,4,6,7,4,5,6,5,6,8,3,5,8,1,7,9,6,7,11,3,8,10,6,8,14,7,9,12,7,11,12,8,10,14,6,11,14,11,12,13,11,13,14,10,14,15,13,14,15,
0.07754634,0.39310843,0.08011453,0.51858915,0.09381163,0.79927099,0.12161459,0.45158014,0.25840268,0.31865553,0.26631209,0.45346704,0.28308126,0.7587504,0.32345369,0.33278795,0.37966488,0.45219785,0.40575805,0.72797243,0.57704695,0.35083514,0.60273565,0.83764657,0.60793007,0.79830555,0.71703528,0.63124086,0.79415434,0.0313352,output,1,2,4,1,4,5,2,4,6,2,3,7,2,6,7,4,5,6,1,5,15,3,7,12,5,6,8,5,8,15,6,8,9,6,7,10,6,9,10,7,10,12,8,9,11,9,10,14,8,11,15,9,11,14,10,13,14,10,12,13,12
0.11030619,0.01152292,0.15236382,0.21986007,0.40038652,0.76528161,0.43158002,0.51470518,0.48348017,0.64283547,0.54174345,0.43500878,0.57232046,0.58164952,0.68455967,0.2872266,0.68597313,0.78494714,0.82649045,0.75643026,0.85095634,0.89893889,0.89727473,0.15988569,0.90709373,0.30102303,0.90965264,0.71081635,0.97506349,0.37193342,output,1,2,8,2,3,4,2,4,6,3,4,5,3,5,9,4,5,7,4,6,7,2,6,8,5,7,9,6,7,8,3,9,11,1,8,12,7,9,10,7,8,15,9,10,11,7,10,14,7,14,15,8,12,13,10,11,14,8,13,15,12
0.0821542,0.42961978,0.20529472,0.1645126,0.2497449,0.33225323,0.26334417,0.92156288,0.38840608,0.97235922,0.45188299,0.51541541,0.55268492,0.52973956,0.56043242,0.68046577,0.60404483,0.25110302,0.66229081,0.13299385,0.75898149,0.15336354,0.80563948,0.88111446,0.82689256,0.51424392,0.86058038,0.3340359,0.98370832,0.58921554,output,1,2,3,1,3,6,1,4,6,2,3,9,4,5,8,3,6,9,4,6,8,6,7,9,6,7,8,2,9,10,5,8,12,7,8,13,7,9,13,9,10,11,8,12,13,9,11,14,9,13,14,13,14,15,12,13,15,,,,
0.02900542,0.70558176,0.06146679,0.95155752,0.10331104,0.56050835,0.17325337,0.55792037,0.18150457,0.65554694,0.2218436,0.19643342,0.36559385,0.83475263,0.38109987,0.02846961,0.57451224,0.87391893,0.63411894,0.53245454,0.69823914,0.59515336,0.82395486,0.97404587,0.84892833,0.1605283,0.93464747,0.63610124,0.97318907,0.76237786,output,1,2,5,1,3,6,1,3,5,3,4,6,3,4,5,2,5,7,4,5,10,4,6,10,6,8,10,5,7,10,2,7,9,7,9,10,2,9,12,8,10,13,9,10,11,10,11,13,9,11,12,11,13,14,11,12,15,11,14,15,13
0.03098131,0.52677716,0.11700543,0.46309738,0.34876547,0.61391951,0.37920733,0.28791471,0.50478215,0.0041995,0.50731859,0.72859984,0.57936803,0.59527277,0.63288727,0.79891586,0.66565947,0.24684077,0.75295619,0.21474945,0.84593181,0.60218042,0.86005062,0.91312938,0.86209839,0.49982223,0.91661045,0.11250394,0.9791563,0.14463036,output,1,2,5,1,2,3,2,3,4,1,3,6,2,4,5,3,4,7,3,6,7,1,6,8,4,5,9,4,7,9,6,7,8,1,8,12,7,8,11,5,9,10,7,9,13,9,10,13,5,10,14,8,11,12,7,11,13,11,12,13,10
0.05062699,0.24380998,0.06053577,0.65731018,0.06320054,0.4748896,0.22011597,0.26433295,0.23502468,0.39797311,0.25465167,0.5279172,0.42322018,0.26383567,0.45951343,0.44672783,0.46407485,0.64691806,0.53614382,0.92770364,0.60696142,0.88396747,0.65150725,0.08482352,0.78387288,0.44001921,0.80046341,0.21141177,0.8359575,0.99185678,output,1,2,3,2,3,6,1,3,5,1,4,5,3,5,6,1,4,12,2,6,9,4,5,7,5,6,8,5,7,8,2,9,10,6,8,9,4,7,12,7,8,13,8,9,13,9,10,11,9,11,13,10,11,15,7,12,14,7,13,14,11
0.01684887,0.92933928,0.04023826,0.28821026,0.04602084,0.09936015,0.04714649,0.14533383,0.08280185,0.87669068,0.29906932,0.9627697,0.33674784,0.54396063,0.35474254,0.75727725,0.42775916,0.44277238,0.50392868,0.26150838,0.50921649,0.10449199,0.66931111,0.22391183,0.706966,0.99484513,0.90113454,0.15299085,0.93541108,0.40208079,output,1,2,3,2,3,4,1,2,5,3,4,11,1,5,6,2,4,10,2,5,7,5,6,8,5,7,8,2,7,9,7,8,9,2,9,10,6,8,13,4,10,11,8,9,13,9,10,12,10,11,12,9,12,15,11,12,14,9,13,15,12
0.00672512,0.58917218,0.13245966,0.92825028,0.15039404,0.04155268,0.16235234,0.3238347,0.17773142,0.5854332,0.30444474,0.25069303,0.30960358,0.80309257,0.33800314,0.66111585,0.3940037,0.08176576,0.54780495,0.77312561,0.73227054,0.08660966,0.88139544,0.59969856,0.88152838,0.24294399,0.91017963,0.34921006,0.99512128,0.93749556,output,1,2,5,1,4,5,1,3,4,4,5,6,3,4,6,2,5,7,5,6,8,5,7,8,3,6,9,2,7,10,7,8,10,3,9,11,6,9,11,6,8,14,2,10,15,8,10,12,6,11,13,8,12,14,10,12,15,6,13,14,12
0.08426521,0.70504521,0.13718967,0.03997277,0.18464243,0.86047243,0.18848988,0.97555811,0.35147401,0.18524931,0.49115484,0.07681318,0.57488366,0.74683235,0.66463835,0.10945258,0.74272167,0.22024793,0.81028562,0.95731856,0.8312598,0.56481208,0.83843153,0.85858784,0.84523581,0.29861315,0.95147451,0.46051162,0.99096812,0.97932248,output,1,3,4,1,3,7,1,2,5,3,4,7,1,5,7,2,5,6,5,6,9,5,7,9,4,7,10,6,8,9,7,9,11,7,11,12,8,9,13,7,10,12,9,11,13,4,10,15,10,12,15,11,12,14,11,13,14,12,14,15,
0.02245353,0.92610778,0.09280119,0.04746024,0.13647529,0.93047728,0.15465167,0.16160198,0.17953519,0.12865295,0.22165497,0.34960175,0.2322593,0.8972784,0.5077913,0.18695133,0.55561625,0.65938863,0.61259649,0.70627364,0.70730071,0.10648817,0.78804883,0.51377321,0.84165138,0.99258086,0.84602846,0.46146661,0.88537868,0.60951846,output,1,2,4,1,3,7,1,3,13,1,6,7,2,4,5,1,4,6,4,5,6,2,5,8,3,7,13,5,6,8,6,7,9,6,8,9,2,8,11,7,9,10,7,10,13,9,10,12,8,9,12,8,11,14,10,13,15,10,12,15,8
0.02576788,0.06681236,0.0916235,0.31186298,0.15752713,0.99345825,0.17206429,0.08276935,0.20031126,0.03007249,0.209375,0.4126772,0.26577713,0.53446485,0.29156011,0.01645862,0.3350654,0.01315982,0.34355835,0.97073553,0.41132595,0.88267469,0.64213556,0.08561673,0.67071976,0.77124207,0.76886689,0.69023675,0.81649605,0.06580773,output,1,2,3,1,2,4,2,4,6,1,4,5,2,3,7,2,6,7,4,5,8,4,6,9,6,7,12,3,7,11,4,8,9,3,10,11,6,9,12,10,11,13,7,11,13,7,12,14,9,12,15,7,13,14,12,14,15,,,,
